Workbook

Sheet OP Admin Checklist 
A1: OP Administrative Work Tasks
A3: Item | B3: Task Category | C3: Responsibilities | D3: Frequency | E3: Date performed | F3: Initial | G3: Notes
A4: 1 | B4: Local Admin | C4: Outside lights working status: make sure the lights are working properly during night hours only; If some lights are broken, should contact the vendor to fix or replace immediately; | D4: Weekly
A5: 2 | C5: Landscape status: Ensure the gardener is working according to their schedule and the landscape are maintained in good condition; If any sprinklers are not working properly or any water leaking, should contact the vendor to quote and fix immediately. | D5: Weekly
A6: 3 | C6: Parking lot status: Make sure no unknown/ not-allowed vehicles parking in our yards; Ensure no one change oils or fixing vehicles in our parking lot without permission. | D6: Daily | E6: 9/16/2026,9/23,9/29,9/30 | F6: IZ,ML | G6: Dock #19, has a car parked during lunch time, 9/23 private vehicle parked between dock 24-25, near exit door,9/29-9/30 unkown white trailer parking at yard
A7: 4 | C7: Parking Lot Gate: make sure the gate is working properly. | D7: Daily
A8: 5 | C8: Make sure the outside mail box, loading dock door, outside windows and walls and so on are in good working order. If any improper situation pop up, should report to local manager to resolve. | D8: Quartey
A9: 6 | C9: Check conditions of Roof (if leaking?), HVAC working?, Water Faucet leaking? Lights broker? Windows Cleaned? Pest control performed? If any of the times here has issue, contact local vendor and perform services. | D9: Quartey | E9: 9/18， 9/21， 9/28， 9/29， 9/30 | F9: ML | G9: Pest Control Check In, Reported to Lanlord (Alex): broken docks, roof leaks, broken lights/fan by docks, non working outlets by docks,
A10: 7 | B10: Forklift Maintenance | C10: Maintain and store Forklift Maintain record by Forklift. This includes weekly maintained page and all repairs paperwork. | D10: Weekly | E10: 9/2, 9/10, 9/15,9/16,9/21,9/28 | F10: IZ, YJ, ML | G10: https://onedrive.live.com/personal/21f1717b0dd121e7/_layouts/15/Doc.aspx?sourcedoc=%7BD3B0969C-36EE-478F-95E2-FDC5CB7C53BD%7D&file=new%20forklift%20list%209-28.xlsx&action=default&mobileredirect=true
A11: 8 | C11: Report any services needed and follow through the repair. | D11: Ad hoc | E11: September | F11: ML | G11: created new document for machines and maintenance, shared with wilson and the team to better keep track of damaged machines and repairs: https://docs.google.com/document/d/1ynvTs9DUQkFu2_oMgW9DDgE6prUisMYYImTb8dH9U8M/edit?usp=sharing | H11: https://docs.google.com/document/d/1ynvTs9DUQkFu2_oMgW9DDgE6prUisMYYImTb8dH9U8M/edit?tab=t.0
A12: 9 | B12: Fire Safety | C12: Confirm the extinguisher is visible, unobstructed, and in its designated location. | D12: Monthly | E12: 9/8,9/15,9/16 | F12: JT,YJ
A13: 10 | C13: Verify the locking pin is intact and the tamper seal is unbroken. Examine the extinguisher for obvious physical damage, corrosion, leakage, or clogged nozzle. | D13: Monthly | E13: 9/8,9/15,9/16 | F13: JT,YJ | G13: dock99/100 is broken, l86 does not have one
A14: 11 | C14: Confirm the pressure gauge or indicator is in the operable range or position, and lift the extinguisher to ensure it is still full. | D14: Monthly | E14: 9/8,9/15,9/16 | F14: JT,YJ
A15: 12 | C15: Make sure the operating instructions on the nameplate are legible and facing outward. | D15: Monthly | E15: 9/8,9/15,9/16 | F15: JT,YJ
A16: 13 | C16: Initial and date the back of the tag on a monthly basis. | D16: Monthly | E16: 9/8,9/15,9/16 | F16: JT,YJ
A17: 14 | C17: Check the last professional service date on the tag. (A licensed fire extinguisher maintenance contractor must have inspected the extinguisher within the past 12 months.) (Yearly) | D17: Annually
A18: 15 | B18: Office Supply and Organization | C18: Warehouse supplies ordering: check current inventory and order through HQ Admin; | D18: Weekly | E18: 9/14,9/16,9/18 | F18: ML | G18: Mandy：9/16 gloves and vests for warehouse workers, 9/14 scales for reorder 9/18: propane gloves
A19: 16 | C19: Office Supplies ordering: check current inventory and order through HQ Admin; | D19: Weekly | E19: 9/2,9/4,9/8,9/9,9/10,9/14,9/18,9/21,9/22,9/23,9/24 | F19: ML， IZ | G19: Mandy：9/2: items for new OP(laptop stand, holder, desk mount, trash cans), fly traps for the office due to abundance of fruit flies and flys, 9/8 medicine for Lily, 9/9 more office supplies, post it notes, rubber bands, 9/10 air tags and holders for PDA, 9/11 open/close signs for the metal gate by the road, usb port, 9/14 trash bags 9/18: clorox for cleaning, 9/21-9/22 usb, highlighters, desk organizers, printer paper Isabella：9/4 office supplies, paper towls, alchol wipes for printers, tape for rework 9/23-9/24: printer paper, measuring tape coffee cups, binder clips,
A20: 17 | C20: Collect mails on a weekly basis and make sure important letters, such as letters from government agency, send to HQ Admin, AP and Fiona. | D20: Weekly | E20: 9/2,9/10,9/16,9/18.9/25 | F20: IZ, ML | G20: 9/18: VCE dropped off checks for employees, and said to give it to them
A21: 18 | C21: Ensure office is cleaned on a weekly basis and is maintained neat and organized, | D21: Weekly | E21: 9/4,9/11,9/18,9/25 | F21: IZ, YJ, ML, KIKI | G21: 9/25: Mandy and Isabella organized the storage room. Oragnized any new amazon packages and updated in the ordering sheet. Threw away any broken items/empty boxes.
E26: Manager Sign Off:
E28: Review Date:

Sheet Sub order-JT
A1: Month | B1: 9
A2: Date | B2: Pallets | C2: Time | D2: Notes | E2: date | F2: suborder pallet prepared | G2: note | H2: 46269 | I2: XPO pick up ZY-LMVESMYS-260902-000012 but loaded ZY-LMVESMYS-260903-000012 , so ZY-LMVESMYS-260903-000012 already ship out in system but actual no ship out | M2: create pick list | N2: date | O2: NOTE
E3: 46266 | F3: 2 | Q3: Date | R3: Total number of orders (Based on what's pushed though system daily) | S3: Total number of carton labels | T3: Total time spent on all sub-order related tasks ** | U3: If helped with actual labeling. How many minutes | V3: If order requires additional communication with clients, how much time? | W3: Average efficiency per order *** | X3: Total working hour | Y3: Sub order workload
E4: 46267 | F4: 4 | W4: 0 | X4: 480 | Y4: 0
E5: 46268 | W5: 0 | X5: 480 | Y5: 0
E6: 46269 | W6: 0 | X6: 480 | Y6: 0
W7: 0 | X7: 480 | Y7: 0
W8: 0 | X8: 480 | Y8: 0
A9: 46269 | B9: 16 | C9: 25 | D9: ZY-WY-HJCL-260901-000019, 16, 4, 8, 7, 20, 9, 6, 3, 10, 12, 5,15, 13,17, 14 with yujie | W9: 0 | X9: 480 | Y9: 0
A10: 46269 | B10: 2 | C10: 12 | D10: ZY-WY-HJCL-260902-000001 | W10: 0 | X10: 480 | Y10: 0
A11: 46269 | B11: 1 | C11: 12 | D11: ZY-LMVESMYS-260902-000012 | W11: 0 | X11: 480 | Y11: 0
A12: 46273 | B12: 12 | C12: 35 | D12: ZY-MK-HZYM-260826-000001 | W12: 0 | X12: 480 | Y12: 0
A13: 46273 | B13: 2 | C13: 20 | D13: ZY-LMVESMYS-260904-000002, ZY-LMVESMYS-260903-000004 | W13: 0 | X13: 480 | Y13: 0
W14: 0 | X14: 480 | Y14: 0
W15: 0 | X15: 480 | Y15: 0
W16: 0 | X16: 480 | Y16: 0
W17: 0 | X17: 480 | Y17: 0
W18: 0 | X18: 480 | Y18: 0
W19: 0 | X19: 480 | Y19: 0
W20: 0 | X20: 480 | Y20: 0
W21: 0 | X21: 480 | Y21: 0
W22: 0 | X22: 480 | Y22: 0
W23: 0 | X23: 480 | Y23: 0
W24: 0 | X24: 480 | Y24: 0
W25: 0 | X25: 480 | Y25: 0
... W34: 0 | X34: 480 | Y34: 0
R37: ** | S37: all sub order related tasks is anything from printing the labels and order, to assign work to driver, to checking accuracy, shipping out order and upload Bol into was)
R38: *** | S38: Although the average efficiency is her for daily. But do not pay too much attention for daily score. We need to look at this KPI in a larger scale so weekly is the smallest aggregate you should look at.
R41: Suborder Error Tracking
Q42: Date | R42: Order Number | S42: Error description (description what was wrong, and how many qty )

Sheet Sub order-kiki
A1: Month | B1: 9
A2: date | B2: Data related | C2: time(mins) | D2: note | F2: date | G2: load sub order pallet | H2: time(mins) | I2: note | K2: date | L2: suborder pallet prepared | M2: time(mins) | N2: note | P2: date | Q2: new guys set up | S2: date | T2: inbound | V2: date | W2: type | X2: time(mins) | Y2: QYT | AA2: time spent | AB2: NOTE
A3: 9.12 | B3: 9.9-9.11 “error” | C3: 30 | D3: Compile the “errors ”from weicom and log them in the Google Sheet. | F3: 9.14 | G3: PUT LABEL COVER | H3: 45 | I3: ZY-MMT-260910-000003 | K3: 9.13 | L3: printed&prepared | M3: 80 | N3: 13 pallets | P3: 9.16 | Q3: Martha | S3: 9.12 | T3: learn about inbound‘s SOP | V3: 9.13 | W3: assist Isabella for 工单 | X3: 30
A4: 9.12 | B4: 9.4-9.6 KPI for picking | C4: 150 | D4: Review and revise 9.4-9.6 | F4: 9.14 | G4: pick&load | H4: 30 | I4: ok80,IT49,MN17,WM05 | P4: 9.18 | Q4: Raul velasquez | S4: 9.15 | T4: printed&prepared inbond label&Check for duplicates | V4: 9.15 | W4: cover labels：169labels，openbox41 with sam（工单号：20260915-00002） | X4: 180
A5: 9.14 | B5: 9.12"error"&9.13 error | C5: 30 | D5: Compile the “errors ”from weicom and log them in the Google Sheet. | F5: 9.14 | G5: check in assigned to Yujie | H5: 15 | I5: 11 orders | S5: 9.18 | T5: printed&prepared inbond label&Check for duplicates | V5: 9.18 | W5: 工单：took photos&change SKU for printing&reply
A6: 9.14 | B6: 9.7-9.9 KPI for picking | C6: 120 | D6: Review and revise 9.7-9.9 | F6: 9.15 | G6: check in assigned to Mandy | H6: 5 | I6: 1 orders | S6: 9.18
A7: 9.15 | B7: 9.14 error | C7: 15 | D7: Compile the “errors ”from weicom and log them in the Google Sheet. | F7: 9.16 | G7: pick&load | H7: 10 | I7: OK47
A8: 9.15 | B8: 9.10-9.13 KPI for picking | C8: 120 | D8: Review and revise 9.10-9.13 | F8: 9.17 | G8: pick&load | H8: 30 | I8: pz74,EM13,FW67
A9: 9.16 | B9: 9.15 error | C9: 15 | D9: Compile the “errors ”from weicom and log them in the Google Sheet. | F9: 9.17 | G9: pick&load | H9: 30 | I9: XW73,JR27,AP76,UO87
A10: 9.16 | B10: 9.14-9.17 KPI for picking | C10: 120 | D10: Review and revise 9.14-9.17 | F10: 9.18 | G10: pick&load | H10: 30 | I10: LD87,SU78,WR87
A11: 9.17 | B11: 9.16 error | C11: 15 | D11: Compile the “errors ”from weicom and log them in the Google Sheet. | F11: 9.21 | G11: pick&load | H11: 15 | I11: central 2 pick
A12: 9.17 | B12: 9.18-9.20 KPI for picking | C12: 100 | D12: Review and revise 9.18-9.20
A13: 9.18 | B13: 9.17 error | C13: 15 | D13: Compile the “errors ”from weicom and log them in the Google Sheet.
A14: 9.21 | B14: 9.18"error"&9.20 error | C14: 30 | D14: Compile the “errors ”from weicom and log them in the Google Sheet.
A15: 9.21 | B15: review and revise error | C15: 30 | D15: review and revise error
A16: 9.22 | B16: 9.21 error | C16: 15 | D16: Compile the “errors ”from weicom and log them in the Google Sheet.
A17: 9.22 | B17: review and revise error | C17: 45 | D17: review and revise error
A18: 9.23 | B18: 9.22 error | C18: 15 | D18: Compile the “errors ”from weicom and log them in the Google Sheet.
A19: 9.23 | B19: review and revise error | C19: 45 | D19: review and revise error
A20: 9.24 | B20: 9.23 error | C20: 15 | D20: Compile the “errors ”from weicom and log them in the Google Sheet.
A21: 9.24 | B21: review and revise error | C21: 30 | D21: review and revise error
A22: 9.25 | B22: review and revise error | C22: 20 | D22: Everything has been processed as of the 21st.
A23: 9.28 | B23: error：9.24&9.25&9.27 | C23: 30 | D23: Compile the “errors ”from weicom and log them in the Google Sheet.
F24: 46281 | I24: OK47
F25: 46282 | I25: pz74,EM13,FW67
F26: 46282 | I26: XW73,JR27,AP76,UO87
F27: 18 | I27: LD87,SU78,WR87
F28: 46286 | I28: central 2 pick

Sheet Sub order-Isabella
A1: Month | B1: 9
C2: Isabella +1 for Sep full Attendance
A3: date | B3: load sub order pallet | C3: time(mins) | D3: note | E3: date | F3: suborder pallet prepared | G3: note | H3: Date | I3: new guys set up | M3: Date | N3: Type | O3: QYT | P3: Time spend | Q3: NOTE | T3: Date | U3: create pick list
A4: 46268 | B4: 1 | C4: 5 | D4: ZY-GLX-260831-000007 | E4: 46267 | F4: 4 | M4: 46267 | N4: Other | Q4: Create Sep KPI list with updated driver and scanner | V4: Date | W4: Total number of orders (Based on what's pushed though system daily) | X4: Total number of carton labels | Y4: Total time spent on all sub-order related tasks ** | Z4: If helped with actual labeling. How many minutes | AA4: If order requires additional communication with clients, how much time? | AB4: Average efficiency per order *** | AC4: Total working hour | AD4: Sub order workload
A5: 46268 | B5: 4 | C5: 15 | D5: zy-wh-hjcl-260901-000022/zy-wh-hjcl-260901-000011/zy-wh-hjcl-260901-000021/zy-wh-hjcl-260901-000018 | E5: 46268 | F5: 4 | M5: 9/2/2026-9/4 | N5: Other | O5: for yujie | Q5: 9/2 整个大单操作流程都过了一遍 1. 每天早上要打印当天的新的大单做checklist 2. 按照打出来的list 对应订单打大单， 认识b2b 系统操作， 并且打了一些大单，大单Picklist, 系统pallet label, 增值label, BOL 和填写备注。 BOL 上要有订单号码 和批次号码，提货日期， Picklist 上要有订单操作备注和提货日期， 打完要核对一下label 和BOL是否有对应的信息，防止客人上传错label， 如果不确定托数可以看下BOL上是否有托数显示。 3. 学会查看大单的要求， 例如有没有label， 多少托盘， 打不打托， 要不要盖标之类的。 没有提货日期的要48小时内完成， 有提货日期的在提货前完成。 4. 认识客人， WY， XT， RXO 群里沟通， 其他都是工单沟通 5. 大单如果到了提货日子没有来提的，首先查系统排错， 确认是没有来提走的，就需要通知客人， 例如预约9/1来提，但是9/1没有来， 就可以告诉客人。 6. 取消了的订单一定是要把BOL 拿出来， 然后写Cancel， 再自己保存约1个星期， 因为卡车有可能还会来提， 就可以告诉卡车公司这个订单已取消， 不用慌忙再另外找记录 7. 在”待出库“ order 里面要follow up new BOL 和New label， 8. 定期检查”待出库“的订单 是否和桌子上的BOL相符， 是否会有漏打订单的情况。 （至少一个星期一次） 9. 在系统里assign picker, 如何派单， 例如同样的sku 的订单 小的 可以给同一个人， 要贴很多label的订单可以先发出去，不然可以第1天抓，第二天贴label。 学会使用PDA里的picking， suborder prepare, create trailer, loading , take BOL depart and deduct. 10.suborder prepare ：首先要查看订单里的sku数量， 写下detail， 确认数量和sku对之后，可以操作贴标， 需要看一下scanner 是否懂得操作要求，贴了2-3箱对了之后才能放心去做另外一些事情，之后要定时回来检查，9/2 尝试贴一些小订单标签和pallet label. PDA系统里 pending要0 ， 才能finish all, 如果有缺货的是需要操作，按照实际数量填写， （目前没有缺货的订单所以没有接触。） 查看detail里的pallet list, 确认pallet, 删除多余的pallet， 如果pallet 里的sku数目写错 如何改正。 11. 大单司机来提货，一定要核对到3个地方才能放货， 签名写时间和日期， 问trailer 号码。 PDA里面起车， loading的时候要看是对的trailer 号码才能load， 避免有些提货司机停错 load 错。load 完要拍照片 上传， 然后到trailer list 里拍BOL ， depart 之前在系统里查看配单信息， 确认所有收费信息无误之后再depart。 如果有遗留的地方，需要在depart 前修改完成。 12. 知道在哪里下载已完成的订单的BOL 13 ，知道如何重拍BOL 14. 知道如何处理Abandon 订单 15. sku重测， 用PDA重测， 测量要求要看到从头到尾， 和箱子上的sku 16. 在sku list 里查看重测的照片来确认是否已完成重测 17. 每日需要查看工单并处理。 创建工单， submit agent。 9/3: 18 . 打大单，已经可以独立处理简单的大单， 有架子的库位可以highlight出来。讲解什么情况是op 什么情况是swing 。 “待出库”订单里查看 有BOL 和 有label 更新的订单要打出来。 label后面要写订单号码。 19. 给one drive link 里面有: KPI list , error and bonus list, forklist check list， 开始记录每天自己的kpi： sub order pallet loaded, sub order prepare 和 other 20. 整理每周的Forklift checklist 并更新 Forklift list 21. 每日检查邮件， 回复sub order 相关邮件。如何在系统里查找到对应的订单，如果没在系统找到可以先去BOL桌子找，再找不到就去已出库的BOL里找， 如果还是没有配对到系统订单，就让对方提供更多资讯， 如果有核对到订单 回复的时候需要加上系统订单号， 方便后续followup。 提货预约时间是12pm-3pm, 如果是大的订单可以开放一个早上9:30 到10:30 的时间段。 load 整车托盘基本是30分钟。 如果一天有很多大单提货就需要至少间隔30分钟来约。 22. 告知卡车装车尺寸概念： 查看卡车高度，托盘最高95左右就ok了， 整车正装可以26 托， 侧装30， 一正一侧28 ，标准托盘是40*48*72 23. suborder 备货： 尝试了一托有好多sku的备货，并贴label. 做完的sub order 如何修改备货地点 24. 卡车check in, 有同时好几单的需要在BOL上写下序号， 这样自己不会乱掉， 保证签完名的BOL都是对的， 不会拿重复的回来。 sub order 起车， 找order， 扫托盘装车， 拍照， 拍BOL ， 去系统查看订单的label 信息是否正确，如果不正确就要先修改好， 确认无误之后再发车，deduct。 25. follow up 工单，每天工单要处理好。 26。 系统assign 司机捡大单， 需要告知司机捡完货放哪里， 可以出去指给司机看， 要知道给出去的订单是多少托， 根据托数来安排。 确认司机会使用picking,如果不会就要先教一下再去。 最后做完sub order 区域要整理一下， 货不要block exit， 货不要太靠近dock, 确认dock和门关好。 在系统里可以查看司机的拣货的状态来查看是否已捡完货， 捡完就可以出去检查，完成checking。 27. 如何下载已完成的BOL， 如何重拍BOL 28. 使用PDA 扫描查询库位和库存。 diff， 虚拟库存讲解， mark lost 介绍。 29. 打卡机密码， 新人set up 指纹， driver 和scanner 要qr code 信息， qrcode 信息怎么填（nj7， payrate 之类的） 9/4： 30, 网页里面下载KPI的data， 输入scanner 的kpi ， 下载putaway kpi 要先把异常的数据标黄 不登记， 并告知lead。 31. 没有在预期提货提走的sub order 需要告知客人。 32. 对于需要拍照的suborder 处理， 在扫码打托的时候下面有个地方可以拍照， 要拍到全部sku 以及贴好的label 33. 对于有好几托要贴label的订单， 要预先分好每一托的label， 这样就算出错也只是找一个托盘的错误， 不用全部托盘都找， 尝试贴标， 要先看清楚托盘的模式， 用固定的模式贴整托， 不容易出错和漏 34. 要看sub order 第二页上面的要求， 看仔细清楚。 | AB5: 0 | AC5: 480 | AD5: 0
A6: 46273 | B6: 2 | C6: 10 | D6: ZY-WY-SWNT-260901-000051/ZY-WY-SWNT-260901-000016 | E6: 46269 | F6: 9 | G6: 1 green, 2 mys, 6bhd | AB6: 0 | AC6: 480 | AD6: 0
A7: 46273 | B7: 2 | C7: 10 | D7: ZY-LMVESMYS-260902-000002/ZY-GLX-260902-000005 | E7: 46273 | F7: 10 | AB7: 0 | AC7: 480 | AD7: 0
A8: 46274 | B8: 1 | C8: 5 | D8: ZY-XT-KMC-260904-000001 | E8: 46280 | F8: 18 | M8: 46268 | O8: For Mandy | Q8: 9/3 系统里换sku处理， 如何导入库存， 调整库存， （wy 的 XHX-N-17, XHX-18WA） ， 要查上架日期， 导入库存的时候需要写完整原因和上架日期。 | AB8: 0 | AC8: 480 | AD8: 0
A9: 46274 | B9: 2 | C9: 10 | D9: ZY-LMVESMYS-260903-000007/ZY-LMVESMYS-260904-000005 | E9: 46286 | F9: 2 | AB9: 0 | AC9: 480 | AD9: 0
A10: 46274 | B10: 2 | C10: 10 | D10: ZY-LMVESMYS-260904-000008/ZY-LMVESMYS-260904-000010 | E10: 46288 | F10: 2 | AB10: 0 | AC10: 480 | AD10: 0
A11: 46274 | B11: 4 | C11: 10 | D11: ZY-GLX-260902-000004/ZY-LMVESMYS-260907-000019ZY-LMVESMYS-260907-000022ZY-LMVESMYS-260908-000017 deduct and print extra BOL | M11: 46269 | O11: JT | Q11: JT: XPO pick up ZY-LMVESMYS-260902-000012 but loaded ZY-LMVESMYS-260903-000012 , so ZY-LMVESMYS-260903-000012 already ship out in system but actual no ship out | AB11: 0 | AC11: 480 | AD11: 0
A12: 46275 | B12: 2 | C12: 5 | D12: ZY-BHD-260902-000005 | AB12: 0 | AC12: 480 | AD12: 0
A13: 46275 | B13: 2 | C13: 10 | D13: ZY-LMVESMYS-260907-000016，ZY-LMVESMYS-260908-000008 | M13: 9/7-9/10 yujie | O13: for yujie | Q13: yujie： 大单： 1. 对于多sku 的订单需要在分开label， 并在label后面写好对应的sku， 和贴标要求。 2. 每天做完大单后， 需要通过主页查询剩下未完成的订单， 并查缺补漏， 看看哪些订单实际已完成，但是系统里忘记按scan check了， 需要follow up去完成掉或者第二天补上， 3. 对于又有架子又有地堆的单子可以分开2个人拣货， 如果要分开2个人拣货的，那么第一个司机需要给他一张label 写上这个订单的批次号贴在托盘上， 然后把单子转给第二个司机的时候需要告知第二个司机把货物放在相同批次号的托盘上， 避免2个司机拣货混乱。 4. assign给司机的时候一定要把放的location写好， 如果是新人司机的话就要教一下，确认会用PDA拣货， 当日第一次出去看位置的时候就可以把所有有空位的地方提前规划好， 然后写在sub order 的单子上， 这样不用每次有司机来都去查看。 5。 知道如何scan check 多sku， 或多sku在同一个托盘上的大单。 scan check 如果有漏的地方， 可以按detail里面查看 是漏了哪个sku， 或者漏了哪个托盘， 这样就可以快速知道哪里有问题并进行改正， （wy 的一个colorful 单子 + wy 后面 一个11托的单子 都是多sku， 混托处理的） 6. 大单的缺货处理， picking 那边可以按照实际拣货数量提交， 或者“mark lost”, 然后scan check 的时候就按照实际数量填写，告知客人 ， 根据客人指示在系统里选发货或不发货， 并在remark 里面 写上missing的sku和箱数（wy colorfull 单子 1箱missing） 7. remark 那边不能留空， 就算是不知道pallet info， 都要写need pallet info 而不是留空 。 8. label :是贴标数量（不cover）, cover label 就是盖标数量， 有cover label的订单一定会有重新打托。 9. 做完sub order 需要在picking list 上写上服务内容，并在系统里更新 （例如重新打托多少托， 开箱， 包装这些要算时间和人） 10. loading 要确认司机拍照了， 等看到照片上传好 ， 他们loading里面没有东西了， 再让提货司机走， 避免出现网络异常 照片没上传成功提货司机就走了的情况， 如果有卡住的情况， 可以先用PDA拍照先记录下来。 11. 柜子方面：要确认是当天schedule的柜子才可以收， 需要看Google sheet的container list， 先开始拿pallet label， 等熟悉一点再接柜子 根据POD 拿pallet label， 查看柜子里的sku 的location并更新， 单子上和label 上写上dock 号码， 左上角写到达日期和时间， 确认2张list 和pallet 和pod 是一个柜子号码， 使用PDA 点击到仓， PDA那边也要再次和pod核对柜子号码， 避免多个柜子叠在一起有扫错的情况发生。 每个柜子都需要的6张照片： POD， 没开， seal, 半开， 和全开， 如果是司机开的柜子需要发照片然后上传， 知道在哪里上传照片，和修改照片。 已加上所有卡车公司的群。 12. 知道如何打pallet label ， 只打了RXO的柜子， 和看重复的sku， 并在WR list 上记录。 13. 分label的时候要看下这个柜子的sku是否打全了， 就看下头和尾的sku和纸上的对上没有， 确认2张wr list 的号码和pallet label上的号码是对应的才能夹到一起。 14. 如何查看灭火器。 | AB13: 0 | AC13: 480 | AD13: 0
A14: 46280 | B14: 1 | C14: 5 | D14: ZY-WY-SWNT-260908-000055 | AB14: 0 | AC14: 480 | AD14: 0
A15: 46280 | B15: 26 | C15: 20 | D15: ZY-BHD-260902-000002 emerson load , need put pallet label | M15: 9/14-9/18 | O15: for yujie | Q15: 9/14-9/18 ： 1. 对于截单的大货处理，（rxo 一个大货取消），需要把BOL 拿回来写上取消， 把货物的shipping label 撕掉 并贴上label标记 Cancel need put it back， 知道如何在系统里处理， 只要填做完的信息， 和deduct， 然后assign 人上架， 使用PDA 把大货截单的上架， 可以先上到对应库位的-105 那边， 然后让司机放回去的时候用Quick move更新location 2. 对于架子上箱数少的用op， 箱数多的整箱的需要用swing， 3. 制作每周loading 和 unloading的表格并发邮件， unload 可以2个Team 加起来 和container schedule 里的柜子数目核对一下， loading的需要再次核对， 表格里附上当周白板照片， 日期更新， 文件名更新， 再次检查里面的公式是否正确， 有link到了再可以发。 4. 提示: 大单一样要填pallet used 数量， 不要漏掉。 5. 检查“待出库” 的大单里的BOL 更新并打印 6. 知道怎么打印return putaway list 和label 7. 柜子到了，需要根据柜子里的skulocation 来assign dock 8. 提示： 打完大单一定要核对BOL号码， 不要写错 9. 提示： 大单不要忘记贴label啊， 打wrap前要看picking list，确认所有增值服务已完成再wrap！ 10. 新人check in 打指纹， 填qr code， 做完和HR 讲 11. 输入错误 error 和 bonus KPI， 知道怎么加新人picking， putaway， scanner(scanner 要注意factor） 的表格， 并在Summary 里加上新人。 12. 知道pda盲扫盘点的功能在哪里。 yujie 9/14-9/18 ： 主要还是做sub order 这个部分，会assign， 已经知道在assign的时候要告诉司机放哪里。 知道需要检查sub order 的sku和数量。 也发现了有一单是捡多了一箱，并和司机去处理。对于一个司机提很多订单的时候也有打印信息出来一个个核对， load货的时候有带BOL出去再次核对，避免load错。 群里sub order相关的信息也有去关注， 每天待提货那边的BOL需要及时去打印出来，工单每天也有看， sub order 没来提的也有在催的。 但是还是需要细心一些， BOL订单号有写错，但是因为有写批次号，所以可以锁定到对的订单号， 还有一单label忘记贴了， 工单填完忘记提交。 另外做了scanner，putaway KPI， 和输入错误的kpi， 知道在哪里输入picking错误， 和加分 减分的 地方 名字一定是要一样的。完成了所有灭火器的检查， 有2个地方的灭火器有问题。 | AB15: 0 | AC15: 480 | AD15: 0
A16: 46281 | B16: 1 | C16: 5 | D16: ZY-LMVESMYS-260910-000007 | AB16: 0 | AC16: 480 | AD16: 0
A17: 46281 | B17: 2 | C17: 10 | D17: ZY-WY-HJCL-260908-000002，ZY-WY-NBZY-260911-000001 | AB17: 0 | AC17: 480 | AD17: 0
A18: 46283 | B18: 1 | C18: 5 | D18: WJ94 | M18: 9/14-9/18 | O18: For Mandy | Q18: For Mandy：1. timesheet 里面关于有holiday hours 的人 要写holiday hours 8， 表里面第二个分页里面的人才有 2. 使用PDA 开始 和暂停 小包picking，VC 和SFP 会先开始， 使用电脑也可以开始，暂时 小包picking， 3. 知道如何转派小包picking任务， 页数要选最大， 要全选sku， 全转。 4. 怎么打当日picking的barcode list， 看最右边的create time 就知道哪些是当天的， 然后选择当天的导出barcode ， 使用fit in one page 打印 5. 在小包-订单那边可以通过tracking来查到sku。 6. 做完的suborder 改备货location 7. 司机checking 失误后， 使用调整库存功能来修正， 并发邮件附上图片告知客人， 图片也要上传到inbound list 的对应柜子里的附件 | AB18: 0 | AC18: 480 | AD18: 0
A19: 46287 | B19: 5 | D19: ZY-BHD-260821-000003(AD80) finish in system | AB19: 0 | AC19: 480 | AD19: 0
A20: 46287 | B20: 4 | D20: ky36,qi74,wu71 (2个木箱子加2托）finish in system | AB20: 0 | AC20: 480 | AD20: 0
A21: 46287 | B21: 14 | D21: ig66 (wy的14托）finish in system | M21: 9/14-9/18 | O21: For KIKI | Q21: 9/14-9/18： 1. 每天需要看工单， 看邮件并处理。 2. 有增值服务的需要打印出来， 需要拣货出来的， 需要查好location 并写上。 3. 使用批次库存来查询库存数量和库位和哪个客人， 产品管理里面也可以查那个客人。 4. wy， xt， rxo（LMVESMYS） 这3个群 (已加群），其他工单。 5. 小包袋子收费处理， 首先查sku 看哪个客人， 就知道去那里汇报。 6. 条码扫不出需要盖标的， 先查一下目前库存， 然后可以填写工单和客人确认是否需要盖标，后面要写上目前库存数 7. 入库：首先一定是在当日schedule的柜子才可以收， 只有rxo的柜子是看个数的。 通过入库准备那边查询整个柜子里的sku 的location， 合并和单个的。 通过柜子sku的location， sku数量，每个sku的数量来综合考虑如何assign dock， 柜子最起隔开1-2个dock 放， oversize的可以放中间， 大量的， sku少的 可以放地堆， sku多，少量的可以放架子区。 8.根据pod 拿pallet label, 核对label , wr list 上的号码和pod 一样， 查柜子的sku 的location 并更新， 写上dock 号码， 如果driver open 的就要写driver open, 使用pda 来arrivel： 扫完要核对pda上面的柜子号是要和pod上一样的， 避免很多label 叠在一起扫错， 9. 去仓库里拍unload photo， 拍之前确认pda 上的柜子号码和要拍的柜子号码是一样的，避免有些司机乱停， 如果柜子已经打开了，那么可以核对一下sku 来确认是不是对的柜子，拍完4张照片 按starts unload， 选Team， live unload 和drop讲解。 知道在电脑里怎么上传和修改柜子照片，如果Team 选错就在modify 里面可以修改。 10. 收到卸柜组的纸， 需要在每日柜子list 上的柜子前面写E 并在旁边写上柜子号，Dimas 和wilson的分开上下写， pda上确认是否已完成卸柜和有照片， 如果没有的话就要按finish unload，去补空柜照片， 然后看哪个卡车公司就去报空。 柜子哪里来约的就哪里回复空柜回去，今天已经报了rxo 的柜子， 邮件的等以后的柜子加进去了就可以报空了， 今天邮件回复报空的都加上了， 知道邮件报空的一段话要怎么写。 11. 如果有第二张纸回来就是完成了putaway， 需要在系统里检查是否完成了， 避免司机忘记按完成。 2张纸配对 钉在一起。 12. 对于各个状态， 收货管理里面是如何显示的， 例如：什么都没动就是Appointment， 如果有了预约时间的就是会显示日期，并且知道怎么修改预约日期， pda arrivel了上面显示“unload compete”， pda start unload 网页显示“check”, 要定时查询状态， 如果一个柜子很久没有start unload 就要看看是忘记按了 还是什么情况。 13. 白板更新柜子 （上面dimas 下面wilson）， 写每天的unload 数量， putaway数量怎么算， 和写finish putaway time 14. 每天下班前要制作第二天新的container list， no put 的和no unload的要标记 15. 系统里导出柜子sku list 来查看重复sku， 并更新到list上 16. 进入仓库实地查看入库区， dock 1- 56 ， dock 1-2, 56不用，还有dock 坏了， 前面是地堆，后面架子， 并查看当前哪些dock是方便停柜子， 如果有空柜子已经拿走了就划掉。 17. 大货： 提货司机过来check in， 需要核对到3个地方才ok， 然后签名 写时间和日期， 使用PDA 起车，订单号和批次号要和BOL上的批次， 起完车要再次核对， assign 司机， 拿BOL出去， 看pallet批次号 和起车那边的location 找到对应的订单， ，今天load了一个需要一边贴palletlabel 一边load的订单。 找到订单之后把pick list 拿下来 再次核对 信息是否match，订单号， 批次号， label，reference number都可以核对到的。 司机扫描托盘标签load货，(托盘正装和侧装讲解） 拍照。 根据trailer list 里面的颜色查看是否完成拍照， （白色没开始， 黄色loading， 绿色loading照片已拍好 已完成loading） 确认了有装车照， 绿色了，才可以让提货司机走，关ramp， 关灯，关风扇关dock， 关emergency exit， 每次load 完回去的路上确认所有东西关关关 18. load 完， 打开系统根据订单号或批次号找到b2b 订单， 查看订单信息是否正确，如果有更新的地方需要更新， 更新完成后， PDA 拍BOL， 发走，系统里deduct， 填KPI， 在已完成的订单 旁边“uploaded bol” 里面就可以下载到拍的BOL。 19. 输入daily error or bonus 到error or bonus list 里面 9/15 ： 20. 在BI下载picking KPI 并输入picking的kpi， 核对纸质kpi上，修改对应的机器 op , swing 还是reach，如果有额外修改的要手动修改掉 21. 如何打大单， 看指令， 打bol ， 系统assign司机， 打完要核对pickinglist bol label 上面的信息是否对应， 避免打错， 或者是客人上传错label。 相同sku的订单可以放一起， 方便assign， 大托数的订单可以先发。 assign的时候要告诉司机摆哪里。 22. 根据指令 准备大单， 使用PDA做scan check 到备货完成， 在“待提货”里查看没有打印的BOL订单， 所有有更新BOL 的订单都需要查看是否有托盘label 更新， 并一起打出来， label 后面要写批次号， bol上面要贴note 写上要贴托盘标签。 23. 从BI里下载picking kpi 并填写到kpi里， 和纸质版本核对， 改正机器类型， 和根据群里的要求改正对应的picking 时间。 24. 知道怎么加新人picking， putaway， scanner(scanner 要注意factor） 的表格， 并在Summary 里加上新人。 25. 大单截单处理， pda里重新上架 26. 打rxo 的pallet label， 并看重复sku 27. 工单处理： 1. 拍照 2.换sku 处理 ： 调整库存， 库存导入， 库存导入要看上架的日期。 3. 盖标处理：一箱多件产品外箱不能有sku的barcode， 一箱多件产品测量都是测件数。 所有工单要求打印出来， 一张纸一个工单， 并记录每个工单需要回复的收费内容， 例如多少标签， 多少托数，或者工时。 28. 使用新的预约功能预约柜子。 29. 知道pda盲扫盘点的功能在哪里。 | AB21: 0 | AC21: 480 | AD21: 0
A22: 46288 | B22: 4 | C22: 15 | D22: ZY-MGL-260921-000001,ZY-MGL-260921-000003,ZY-MGL-260922-000005 , 加小包ceva | AB22: 0 | AC22: 480 | AD22: 0
A23: 46288 | B23: 3 | D23: xa92,es73,yu85 deduct and 发车 | AB23: 0 | AC23: 480 | AD23: 0
A24: 46289 | B24: 4 | D24: gl98,po19,xq85,aw17 | AB24: 0 | AC24: 480 | AD24: 0
A25: 46289 | B25: 2 | C25: 10 | D25: ZY-GLX-260921-000006, ZY-GLX-260921-000004 | M25: 9.21-9.25 | O25: For KIKI | Q25: 整理每周forklift checklist并更新forklift 列表。 -开始接柜子， 已掌握如何assign dock ，根据每日container dock list 也能基本判断出来哪些dock 可用， 跟从Ismael给的dock位置 结合柜子里sku来安排。 下午只剩几个柜子的时候有和Ismael 沟通提前根据location安排好dock。 -报空：需要查清楚柜子是哪个卡车公司的， 有报错的情况。或者是想报空结果柜号复制错。 -写白板：可以分清dimas 和 Wilson柜子， 知道如何计算每日unload 和putaway数量。 -上传柜子照片并知道如何删除照片，更改卸柜team。 -每天早上和下午去外面看柜子，看dock 上的，（Mandy 看yard的 她们2个人合作看） -管理每日wr list，司机交回时确认putaway 在系统里完成。 有漏交的纸要及时询问。 —Kpi 方面 ：这周KiKi是输入error，但是有error放错了表格的情况。例如：Lucas 里有个chapin的错误。 -开始制作10月份kpi的表格，picking 和putaway 的数量和时间那边加了公式，只要输入总表内容， 分表自动更新， 这个新方式会在10月kpi 中实验，希望可以提升输入kpi的效率。 sub order方面：这周没有出去备货，只是check in 司机和起车。 | AB25: 0 | AC25: 480 | AD25: 0
A26: 46289 | B26: 8 | C26: 20 | D26: ZY-MMT-260921-000001, 一边load | M26: 9.21-9.25 | O26: For Mandy | Q26: Mandy： 这周有打一些sub order的单子，和出去做sub order。对sub order 备货方面更加了解了， 对于一托好几个sku，大批量单个sku，大批量多个sku 的备货都知道如何处理。 Kpi方面：根据总表录入了picking 的kpi。 入库方面： 这周是线下和线上交接的星期， 邮件方面还是要处理和回复，让对方通过系统来预约。 辅助kiki接柜子的时候拿pallet label 和查location。审核pending预约的柜子。 打pallet label。 admin方面：跟进forklift， dock，dock 灯 风扇修理事宜，amazon买的东西，timecard 更正，办公室整理，准备10 月HR 要来检查的东西。 | AB26: 0 | AC26: 480 | AD26: 0
A27: 46290 | B27: 3 | C27: 15 | D27: " ZY-LMVESMYS-260922-000009,ZY-BHD-260924-000001,ZY-BHD-260924-000004"Sanchez load | M27: 9.21-9.25 | O27: For Yujie | Q27: Yujie： sub order： 系统打大单方面没有问题了， 对于有问题的label 也会及时提问。这周给他独立决策派发sub order 的单子， 安排得可以。但是要关注一下捡货司机的状态（就是捡出来了没有，捡到哪个订单了 这些是可以在系统里看到的）。 单子比较多的时候还是他先在外面做sub order， 然后有picker来了， 我再把剩下的单子发给司机。 有同时sub order 在做和司机来提货的情况， 我们一起配合，他load完，我回去拍bol 发车，deduct 完成系统。 有一个托盘发出的时候没有贴上pallet label， 因为他打印了，是要去贴的，同时司机也来拿，就漏贴。 已回工单给客人汇报，客人也没有说什么。 但是经历过这次的情况，他以后每个需要贴pallet label 的托盘上都有标记：need pallet label，以防他再次忘记，失误之后会自己想办法防止再次失误。 -知道如何处理ceva的小包发货， 和打return putaway list sub order 的邮件有回复，看工单，每日催提，跟进bol 更新和 pallet label 更新 柜子方面： 还只是之前的初步了解。 Kpi 方面： 根据纸质picking list 来核对调整picking 的kpi ， 就是把架子的list 挑出来，看看系统是否已写对类型了，如果没有就要修改。 增值服务： 星期五做了个贴胶带的增值服务， 知道需要记录时间和人数， 学习了如何调整和导入库存。 | AB27: 0 | AC27: 480 | AD27: 0
A28: 46294 | B28: 1 | C28: 8 | D28: ZY-LMVESMYS-260925-000002 | M28: 9.21-9.25 | Q28: Kpi 的scanner 表格这周9.21-9.25 做了升级， 只需要在总表输入内容， 分表会自动带出数据， 星期五和yujie 也尝试了是可以的， 这样就只要复制一次， 然后每个表格数据核对一下， 省去了每个表格要多次复制和粘贴的重复工作。 | AB28: 0 | AC28: 480 | AD28: 0
A29: 46294 | B29: 5 | C29: 15 | D29: lm70,dv72,ts91 | AB29: 0 | AC29: 480 | AD29: 0
A30: 46295 | B30: 1 | C30: 5 | D30: ZY-MGL-260929-000008 | M30: 46293 | Q30: putaway kpi ，follow up 工单, forklift check list， 超期找回 | AB30: 0 | AC30: 480 | AD30: 0
A31: 46295 | B31: 2 | C31: 10 | D31: ZY-MGL-260929-000074,ZY-MGL-260929-000075 | M31: 46294 | Q31: put error, scanner double check picking kpi，follow up 工单,print sub order，超期找回 | AB31: 0 | AC31: 480 | AD31: 0
A32: 46295 | B32: 2 | C32: 10 | D32: cn18,FT09 | M32: 46295 | Q32: put error, follow up 工单，wy群里要贴标的sku, 准备HR要的pick 和putaway list,print pallet label and duplicates，超期找回， prepare sub order | AB32: 0 | AC32: 480 | AD32: 0
AB33: 0 | AC33: 480 | AD33: 0
AB34: 0 | AC34: 480 | AD34: 0
AB35: 0 | AC35: 480 | AD35: 0
W38: ** | X38: all sub order related tasks is anything from printing the labels and order, to assign work to driver, to checking accuracy, shipping out order and upload Bol into was)
W39: *** | X39: Although the average efficiency is her for daily. But do not pay too much attention for daily score. We need to look at this KPI in a larger scale so weekly is the smallest aggregate you should look at.
W42: Suborder Error Tracking
V43: Date | W43: Order Number | X43: Error description (description what was wrong, and how many qty )

Sheet Sub order-yujie
A1: Month | B1: 9
D2: Yujie - 3 (9/2,9/3,9/10 late)
A3: date | B3: load sub order pallet | C3: time(mins) | D3: note | E3: date | F3: suborder pallet prepared | G3: note | H3: Date | I3: new guys set up | K3: Date | L3: create pick list | M3: Date | N3: Type | O3: QYT | P3: Time spend | Q3: NOTE
A4: 46268 | B4: 4 | C4: 15 | D4: zy-wh-hjcl-260901-000022/zy-wh-hjcl-260901-000011/zy-wh-hjcl-260901-000021/zy-wh-hjcl-260901-000018 | E4: 46267 | F4: 5 | G4: 1 green pallet, 2 wood pallet . 2 wy | H4: 46279 | I4: kiki | X4: Date | Y4: Total number of orders (Based on what's pushed though system daily) | Z4: Total number of carton labels | AA4: Total time spent on all sub-order related tasks ** | AB4: If helped with actual labeling. How many minutes | AC4: If order requires additional communication with clients, how much time? | AD4: Average efficiency per order *** | AE4: Total working hour | AF4: Sub order workload
A5: 46268 | B5: 11 | D5: 11 PALLETS: ZY-MGL-260901-000011, ZY-MGL-260901-000014, ZY-MGL-260901-000016, ZY-MGL-260901-000008 , ZY-MGL-260901-000015, ZY-MGL-260901-000013, ZY-MGL-260901-000012 , ZY-MGL-260901-000009, ZY-MGL-260901-000010, ZY-MGL-260901-000007 , ZY-MGL-260901-000006 | E5: 46268 | F5: 4 | G5: warpping up for 2 labeling for 4 | H5: 46281 | I5: juan pevez | AD5: 0 | AE5: 480 | AF5: 0
A6: 46269 | B6: 1 | D6: load with jt ZY-LMVESMYS-260902-000010, | F6: 15? | G6: can't remember, 3 box 2 green, and etc | AD6: 0 | AE6: 480 | AF6: 0
A7: 46269 | B7: 5 | C7: 20 | D7: ZY-MMT-260901-000001 | AD7: 0 | AE7: 480 | AF7: 0
A8: 46269 | B8: 16 | C8: 20 | D8: ZY-WY-HJCL-260901-000019, 16, 4, 8, 7, 20, 9, 6, 3, 10, 12, 5,15, 13,17, 14with JT | AD8: 0 | AE8: 480 | AF8: 0
A9: 46269 | B9: 5 | C9: 10 | D9: TYOO 5 PALLETS | AD9: 0 | AE9: 480 | AF9: 0
A10: 46269 | B10: 2 | C10: 8 | D10: ZY-WY-HJCL-260902-000001 checked in assigned to JT | AD10: 0 | AE10: 480 | AF10: 0
A11: 46274 | B11: 1 | C11: 5 | D11: ZY-LMVESMYS-260904-000009 | AD11: 0 | AE11: 480 | AF11: 0
A12: 46274 | B12: 30ish? | C12: ? | D12: ZY-GLX-260902-000004/ZY-LMVESMYS-260907-000019ZY-LMVESMYS-260907-000022ZY-LMVESMYS-260908-000017 | E12: 46274 | F12: 30? | G12: can't remember, too much | AD12: 0 | AE12: 480 | AF12: 0
A13: 46275 | B13: 7 | C13: 30 | D13: ZY-ERB-260907-000001，ZY-LMVESMYS-260907-000031 ，ZY-LMVESMYS-260907-000028 ，ZY-LMVESMYS-260904-000014 ，ZY-LMVESMYS-260903-000018， ZY-BHD-260902-000003 | E13: 46275 | F13: 6 | AD13: 0 | AE13: 480 | AF13: 0
A14: 46275 | B14: 6 | C14: 20 | D14: NX35,HN22,TY29,PO67,FP19,RI20, | AD14: 0 | AE14: 480 | AF14: 0
A15: 46276 | B15: 20? | D15: mf54,ls48,fs97,sk58,ry08,pn27,sd82,ir09,fz96,xu10,ba76, wu35,gu58, container list used. mandy's account to upload the BOL | E15: 46335 | F15: 6 | AD15: 0 | AE15: 480 | AF15: 0
A16: 46279 | B16: 4 | C16: 8 | D16: ok80,IT49,MN17,WM05 | AD16: 0 | AE16: 480 | AF16: 0
A17: 46279 | B17: 20 | C17: 30 | D17: ve57,ip47,pb94,od34,ao76,xs04,sn25,sl66,tf02 | AD17: 0 | AE17: 480 | AF17: 0
A18: 46280 | B18: 11 | D18: ZY-WY-YCDZ-260910-000002 | AD18: 0 | AE18: 480 | AF18: 0
A19: 46280 | B19: 4 | D19: eb69,vf63 (jb hunt) | AD19: 0 | AE19: 480 | AF19: 0
A20: 46280 | B20: 20ISH | C20: 40 | D20: lc29,ji60,fh45,gv52,yy50,ek21,jf66,sf95,kr58,xu67,wb53,qn46 | AD20: 0 | AE20: 480 | AF20: 0
A21: 46280 | B21: 1 | C21: 10 | D21: PD68, | E21: 46280 | F21: 20ish | G21: can't remember, too much | AD21: 0 | AE21: 480 | AF21: 0
A22: 46280 | B22: 0 | C22: 60 | D22: checking fire extinguisher | E22: 46281 | F22: 6 | G22: ZY-MGL-260916-000005, ZY-MGL-260916-000004, ZY-LMVESMYS-260916-000013, ZY-LMVESMYS-260916-000012, ZY-LMVESMYS-260916-000003, checking fire exitingguisher, doing error KPI FROM 9/6/2026 TO 9/9
A23: 46281 | B23: 2 | C23: 10 | D23: qu28,ex59 | E23: 46282 | F23: not sure, 7 orders | G23: ZY-WY-KLGJ-260917-000002, ZY-LMVESMYS-260917-000017, ZY-MMT-260917-000005, ZY-LMVESMYS-260917-000008, ZY-LMVESMYS-260917-000005, ZY-LMVESMYS-260917-000003, ZY-MMT-260917-000003, input kpi scanner from 9/13- 9/16,input KPI erros from 9/9-9/15, | AD23: 0 | AE23: 480 | AF23: 0
A24: 46281 | B24: 4 | C24: 10 | D24: ZY-MGL-260916-000005, ZY-MGL-260916-000004, ZY-MGL-260911-000031, ZY-MGL-260915-000006 | E24: 46283 | F24: 3 | G24: mys-260918-000008,mys-260918-000007,ivn-260918-000001, input KPI erros from 9/15 - 9/ | AD24: 0 | AE24: 480 | AF24: 0
A25: 46282 | B25: 1 | C25: 10 | D25: UK84 checked in by kiki, loaded myself, | E25: 46283 | F25: 5 | G25: rework mmt-260917-000005 | AD25: 0 | AE25: 480 | AF25: 0
A26: 46282 | B26: 1 | C26: 10 | D26: yk78 | E26: 46286 | F26: not sure 17 orders | G26: suborder prepared | AD26: 0 | AE26: 480 | AF26: 0
A27: 46282 | B27: 26 | C27: 60 | D27: hz86,om40,up00,vm06,da85,mt87,xd60,pq83,za11,uo52,pj14,ks60,om14,vr31,cr71,jz08,ci13 | E27: 46287 | F27: est 32pallets | G27: ZY-MGL-260922-000005 ZY-GLX-260922-000004 ZY-GLX-260922-000004 ZY-GLX-260922-000004 ZY-GLX-260922-000004 ZY-GLX-260922-000004 ZY-GLX-260922-000003 ZY-GLX-260922-000002 ZY-GLX-260922-000001 ZY-BHD-260922-000001 ZY-LMVESMYS-260922-000011 ZY-LMVESMYS-260922-000009 ZY-LMVESMYS-260922-000009 ZY-LMVESMYS-260922-000009 ZY-LMVESMYS-260922-000009 ZY-LMVESMYS-260922-000008 ZY-LMVESMYS-260922-000008 ZY-LMVESMYS-260922-000008 ZY-LMVESMYS-260922-000008 ZY-LMVESMYS-260922-000008 ZY-LMVESMYS-260922-000008 ZY-LMVESMYS-260922-000002 ZY-MK-HZYM-2-260922-000001 ZY-WSK-260922-000002 ZY-WY-SWNT-260922-000058 ZY-MK-HZYM-260922-000001 | AD27: 0 | AE27: 480 | AF27: 0
A28: 46283 | B28: 1 | C28: 10 | D28: lk65 | E28: 46288 | F28: 8 orders | G28: ZY-WY-SWNT-260923-000011 ZY-WY-SWNT-260923-000010 ZY-WY-SWNT-260923-000002 ZY-LMVESMYS-260923-000004 ZY-GLX-260923-000002 ZY-IVN-260923-000001 ZY-BHD-260923-000002 ZY-BHD-260923-000001 input scaner kpi from 9/19 - 9/22, new order ZY-MK-MKSEA001-260923-000001 prepared, organized pickers list Equipment 9/18, | AD28: 0 | AE28: 480 | AF28: 0
A29: 46283 | B29: 1 | C29: 5 | D29: KE68 | E29: 46288 | F29: 1 WALMART ORDER | G29: REWORK OF WALMART BIG ORDER at least of 6 pallet | AD29: 0 | AE29: 480 | AF29: 0
A30: 46283 | B30: 3 | C30: 10 | D30: mk97 | E30: 46289 | G30: CREATED: ZY-BHD-260924-000004 ZY-GLX-260924-000001 ZY-MGL-260924-000004 ZY-BHD-260924-000002 ZY-LMVESMYS-260924-000004 ZY-WY-SZYDJ-260924-000001 ZY-ERB-260924-000002 ZY-MMT-260924-000001 ZY-BHD-260924-000001 rework palletized of ej38, | AD30: 0 | AE30: 480 | AF30: 0
A31: 46283 | B31: 4 | C31: 10 | D31: mn62,yn39,rx33,ge65 | E31: 46290 | F31: 5 | G31: LABELING OF EN08 | AD31: 0 | AE31: 480 | AF31: 0
A32: 46286 | B32: 1 | C32: 5 | D32: sb48 | E32: 46290 | F32: 2 | G32: CREATED: ZY-LMVESMYS-260925-000002, ZY-LMVESMYS-260925-000007 | AD32: 0 | AE32: 480 | AF32: 0
A33: 46286 | B33: 1 | C33: 5 | D33: pd93 | E33: 46290 | G33: ORGANIZED PICKERS KPI 9/22 AND CORRECTED the equiment they used | AD33: 0 | AE33: 480 | AF33: 0
A34: 46286 | B34: 2 | C34: 10 | D34: us00,eo44 checked in, loaded by oscar | E34: 46293 | F34: 18 orders | G34: created: ZY-GLX-260928-000002 ZY-GLX-260928-000001 ZY-LMVESMYS-260928-000028 ZY-LMVESMYS-260928-000027 ZY-LMVESMYS-260928-000025 ZY-LMVESMYS-260928-000023 ZY-LMVESMYS-260928-000022 ZY-LMVESMYS-260928-000020 ZY-LMVESMYS-260928-000019 ZY-LMVESMYS-260928-000016 ZY-LMVESMYS-260928-000014 ZY-LMVESMYS-260928-000013 ZY-LMVESMYS-260928-000012 ZY-LMVESMYS-260928-000011 ZY-LMVESMYS-260928-000010 ZY-LMVESMYS-260928-000009 ZY-LMVESMYS-260928-000007 ZY-GLX-260926-000001 assigned sanchez to pick. scan check, label, wrap: qq15, fs35, rw23, tu40, ft09, cn18,hw18； label: sr83, eq09, fs08, kd36, si50 | AD34: 0 | AE34: 480 | AF34: 0
A35: 46288 | B35: 5 | D35: ZY-BHD-260821-000003(AD80) | E35: 46294 | F35: 20 orders | G35: can't remember, too much | AD35: 0 | AE35: 480 | AF35: 0
A36: 46288 | B36: 4 | D36: ky36,qi74,wu71 (2个木箱子加2托） | E36: 46295 | F36: 8 orders | G36: created : ZY-MGL-260930-000035 ZY-MGL-260930-000034 ZY-MGL-260930-000014 ZY-MGL-260930-000013 ZY-MGL-260930-000012 ZY-LMVESMYS-260930-000009 ZY-LMVESMYS-260930-000003 ZY-LMVESMYS-260930-000001 | AD36: 0 | AE36: 480 | AF36: 0
A37: 46288 | B37: 14 | D37: ig66 (wy的14托） | E37: 46295 | G37: input pickers kpi
A38: 46288 | B38: 1 | D38: cp57
A39: 46288 | B39: 4 | C39: 30 | D39: ja42,an30,zp16,ly25 loaded by tix | Y39: ** | Z39: all sub order related tasks is anything from printing the labels and order, to assign work to driver, to checking accuracy, shipping out order and upload Bol into was)
A40: 46288 | B40: 3 | D40: xa92,es73,yu85 3个木箱子 | Y40: *** | Z40: Although the average efficiency is her for daily. But do not pay too much attention for daily score. We need to look at this KPI in a larger scale so weekly is the smallest aggregate you should look at.
A41: 46288 | B41: 1 | C41: 10 | D41: GE08 LOADED BY TIX
A42: 46288 | D42: fz54,pd83,dj17 bol depart
A43: 46289 | B43: 6 | C43: 20 | D43: PG86,VW79,KS64,ZM64,YV73,XW23 LOADED BY REINALDO | Y43: Suborder Error Tracking
A44: 46289 | B44: 3 | C44: 10 | D44: EC14,ZY52,XG57, AND SMALL PARCEL FOR LILI LOADED BY PABLO | X44: Date | Y44: Order Number | Z44: Error description (description what was wrong, and how many qty )
A45: 46289 | B45: 1 | D45: KJ25 FEDEX SUBORDER DEPART AND GIVE TO BRYAN TO LOAD
A46: 46289 | B46: 2 | C46: 10 | D46: ms67,mf27 loaded by bryan
A47: 46289 | B47: 1 | C47: 5 | D47: fc09
A48: 46290 | B48: 5 | C48: 10 | D48: RD29,EN08 GOES TO UPS SMALL PARCEL
A49: 46290 | B49: 3 | C49: 10 | D49: QF18,CV18,MF68 LOADED BY BRYAN
A50: 46290 | B50: 1 | D50: ZY-LMVESMYS-260922-000008 (A DUIE)
A51: 46290 | B51: 2 | C51: 10 | D51: FU36,GD05 ONE LOADED BY MANUEL, ONE BY MY SELF
A52: 46293 | B52: 2 | C52: 10 | D52: tr15 loaded by sam, hn15 loaded by sanchez
A53: 46294 | B53: 1 | C53: 10 | D53: qk21 long pallet
A54: 46294 | B54: 1 | C54: 5 | D54: sw40
A55: 46294 | B55: 2 | D55: pk77,lf55
A56: 46295 | B56: 1 | C56: 10 | D56: mz97 loaded by pablo
A57: 46295 | B57: 5 | C57: 20 | D57: ix52,zg29,rw23,ow65,yx81 loaded by renialdo

Sheet Sub order-Mandy
A1: Month | B1: September
C2: Mandy -1 ，9/1 late
A3: date | B3: load sub order pallet | C3: time(mins) | D3: note | F3: date | G3: suborder pallet prepared | H3: note | J3: date | K3: new guys set up | M3: date | N3: inbound | P3: date | Q3: type | R3: QYT | S3: time spent | T3: NOTE
A4: 46266 | B4: 3 | C4: 10 | D4: ZY-LMVESMYS-260828-000004, ZY-LMVESMYS-260827-000005, ZY-LMVESMYS-260828-000009 check in assigned to JT | F4: 46286 | G4: KS64 | J4: 46267 | K4: Glasmary Ortega (GL) | P4: 46268 | Q4: Email/Phone | S4: 10 minutes | T4: Machine #52 Serial:960-26-0012315 Model:960-CSR30T, PO: 090326-CSR30T - notified Wilson and made an appointment with Raymond for Technician to come out | AA4: Date | AB4: Total number of orders (Based on what's pushed though system daily) | AC4: Total number of carton labels | AD4: Total time spent on all sub-order related tasks ** | AE4: If helped with actual labeling. How many minutes | AF4: If order requires additional communication with clients, how much time? | AG4: Average efficiency per order *** | AH4: Total working hour | AI4: Sub order workload
A5: 46266 | B5: 1 | C5: 5 | D5: ZY-RBK-260828-000001 check in assigned to JT | F5: 46286 | G5: VW79 | J5: 46268 | K5: Fernando Tiniganay (Driver) | P5: 46268 | Q5: Driver check in - Inbound | S5: 20 minutes | T5: imported container photos to WMS | AG5: 0 | AH5: 480 | AI5: 0
A6: 46266 | B6: 1 | C6: 5 | D6: ZY-WY-SZYDJ-260827-000001 checked in assigned to JT | F6: 46286 | G6: MQ67 (2 pallets) | J6: 46274 | K6: Oscar Cuevas (Driver) | P6: 46268 | Q6: Driver check in-Outbound | S6: 10 minutes | T6: helped check info on 11 Amazon BOL, JT signed and put into PDA, Yujie loaded | AG6: 0 | AH6: 480 | AI6: 0
A7: 46266 | B7: 2 | C7: 8 | D7: ZY-LMVESMYS-260828-000003, ZY-LMVESMYS-260828-000010 checked in assigned to JT | F7: 46287 | G7: MV47 | J7: 46294 | K7: Merkin Samayoa (Scanner) | P7: 46269 | Q7: Other | S7: 15 minutes | T7: called amerigas to confirm labor day hours and reschedule monday delivery to tuesday | AG7: 0 | AH7: 480 | AI7: 0
A8: 46266 | B8: 2 | C8: 10 | D8: ZY-WY-SWNT-260825-000039, ZY-IVN-260829-000002 checked in assigned to JT | F8: 46287 | G8: MT73 | J8: 46295 | K8: David Gonzalez (Driver) | P8: 46273 | Q8: Email | S8: 10 minutes | T8: sent empty emails of the containers unloaded over the weekend | AG8: 0 | AH8: 480 | AI8: 0
A9: 46274 | B9: 1 | C9: 5 | D9: ZY-LMVESMYS-260904-000009 check in assigned to Isabella | F9: 46287 | G9: AW17 | P9: 46273 | Q9: Other | S9: 60 minutes | T9: completed duplicates for RXO, Monday containers, and attached to labels | AG9: 0 | AH9: 480 | AI9: 0
A10: 46274 | B10: 2 | C10: 8 | D10: ZY-LMVESMYS-260904-000005, ZY-LMVESMYS-260903-000007 check in，assigned to Isabella， Isabella 汽车 | F10: 46287 | G10: XQ85 | P10: 46273 | Q10: Other | T10: -in the morning checked dock and yard for containers before coming inside and clocking in -accepted 18 containers throughtout the day, checking in the container, checking WR for updated locations, and taking pictures of POD -uploaded containers and seal photos 6 in the morning, 5 in the afternoon, also uploaded some that came late on Friday and was unloaded and putaway on the weekend -stapled loading and unloading, making sure the amount of putaway was correct from Friday and the weekend -sent cleaning invoice email -set up new employee in UAccess and prepared new items like walkie talkie, vests, pens, gloves -printed the remainder of the weeks' labels and WR -sent emails and followups with Wilson and corresponding companies in regards to broken machines, also notified Isabella and Amanda - 23 emails and scheduling | AG10: 0 | AH10: 480 | AI10: 0
A11: 46274 | B11: 4 | C11: 12 | D11: ZY-GLX-260902-000004, ZY-LMVESMYS-260907-000022, ZY=LMVESMYS-260908-000017, ZY-LMVESMYS_260907-000019, check in, Isabella 汽车 | F11: 46287 | G11: XQ85 | P11: 46274 | T11: -in the morning checked dock and yard for containers before coming inside and clocking in -accepted 23 containers throughtout the day, checking in the container, checking WR for updated locations, and taking pictures of POD -organize the labels with the WR and set them on the table -print remaining containers coming during the week that was scheduled on Monday -1 hour combined printing and doing duplicates and preparing them for the rest of the week -sent empty emails that finished unloading -scheduled containers and double checked if it is in the system -help with scanner interview, timed the "find what is the difference" portion -comepleted whiteboard | AG11: 0 | AH11: 480 | AI11: 0
A12: 46274 | B12: 2 | C12: 10 | D12: ZY-LMVESMYS-260904-000008, ZY-LMVESMYS-260904-000010, check in assigned to Yujie | F12: 46287 | G12: MQ67 | H12: finished the remaining pallets with the labels and repalletized | P12: 46275 | T12: -in the morning checked dock and yard for containers before coming inside and clocking in -accepted 23 containers throughtout the day, checking in the container, checking WR for updated locations, and taking pictures of POD -staple loading and unloading, making sure the correct number of putaways were done -sent empty emails, wecom, wechat notifications after the containers were unloaded -created and organized RXO appointments in the schedule and sent emails to Best and SSR -started to print next week's labels, added on dka container schedules from email -uploaded container and seal photos (10) for about 20 minutes in the morning -sent general and overview of empties from the day before to corresponding trucking companies, 15 minutes -emailed some trucking companies asking for container and seal photos since the driver did not send when told to or was opened by them outside -spent about 25 minutes on work tickets -rescheudled GESU6086259, who called and rescheudled the container -spent about an hour on email responses, scheduling, and any followups -sent emails in regards to broken swing and forklifts -30 minutes on RXO scheudling -created new maintenance and machines document to better track machines that are broken and fixed (https://docs.google.com/document/d/1ynvTs9DUQkFu2_oMgW9DDgE6prUisMYYImTb8dH9U8M/edit?tab=t.0) -20ish minutes with setting up large PDA, installing Apple Airtag, and assignment to drivers | U12: https://docs.google.com/document/d/1ynvTs9DUQkFu2_oMgW9DDgE6prUisMYYImTb8dH9U8M/edit?tab=t.0 | AG12: 0 | AH12: 480 | AI12: 0
A13: 46276 | B13: 1 | C13: 5 | D13: ZY-LMVESMYS-260909-000001, check in assigned to Yujie | F13: 46288 | G13: MQ67 | H13: calculated pallet weight of all 8 pallets and finished preparing in system | P13: 46276 | T13: -in the morning checked dock and yard for containers before coming inside and clocking in -accepted 16 containers throughtout the day, checking in the container, checking WR for updated locations, and taking pictures of POD -staple loading and unloading, making sure the correct number of putaways were done -sent empty emails, wecom, wechat notifications after the containers were unloaded -spent about 20 minutes on uploading container and seal photos from the day before and the day of, 10 uploaded -emailed trucking company for photos due to driver forgetting to send, or was opened when it did not need to (3454, 6238, 5379, 7866) -spent about 20 minutes sending general empties to corresponding trucking companies -about 20 minutes on emails and work tickets, created appointments -10 minutes organizing desk area and desk in surrounding areas -print more labels and did duplicates | AG13: 0 | AH13: 480 | AI13: 0
A14: 46276 | B14: 3 | C14: 10 | D14: Zy-LMVESMYS-260908-000007, ZY-LMVESMYS-260907-00009, ZY-LMVESMYS-260907-000011, check in assigned to Yujie | F14: 46288 | G14: FF48 | H14: did cover labels with yujie and repalletized the 10 pallets, updated in remarks in the system, and finished scanning, also organized , did measurements | P14: 46279 | T14: -in the morning checked dock and yard for containers before coming inside and clocking -spent 10 minutes on empties from Sunday (sent empty emails and notifications) -10 minutes writing containers on dock and checking what is taken over the weekend/Sunday -25 minutes on emails and chats, sheduling, rescheduling, followups -40 minutes? was also checking in containers while uploading photos of containers from the day before (uploaded 12） -30 minutes on labels printing and duplicates from containers scheduled in the morning. -updated maintenance sheet -spent about 30 minutes on TimeCard and sent email -unboxed and organized Amazon orders and list, corresponded with Wilson on things that said was delivered but was not seen in the office -spent about 30 minutes with upkeeping, emails of selling broken pallet, purchase new pallet, time correction, warming reports, cleaning invoice -10 minutes updating the white board -responded to work tickets -printed more labels and WR, scheudled around 12 additional containers for the rest of the week -noted machines down, compared machines, noted photos, sent emails, and added to maintnance sheet -uploaded 2 container photos in the afternoon | AG14: 0 | AH14: 480 | AI14: 0
A15: 46276 | B15: 3 | C15: 8 | D15: ZY-MGL-260908-000057 check in assigned to Yujie | F15: 46288 | G15: BP36 | H15: did cover labels with scanners and drivers, mareila, melany, tix, jefferson, scanned and put into system, did measurement of lwh in system and organized. | P15: 46280 | T15: -in the morning checked dock and yard for containers before coming inside and clocking in -accepted 15 containers throughtout the day, checking in the container, checking WR for updated locations, and taking pictures of POD -staple loading and unloading, making sure the correct number of putaways were done -sent empty emails, wecom, wechat notifications after the containers were unloaded -uploaded 12 containers and seal photos -broken OP emailed with Greg -Wecom, responses to WY in reference to returns, work tickets on a suborder that's not picked up by Saia -helped Yujie check in large Central suborder -helped Kiki with B2B and SOP of suborder pickups， how to write checked in suborder in KPI -check on Amazon supplies list, asked Isamel, notified Wilson of items that were not seen that said was delivered. Also mentioned to write a note on amazon deliveries for SLM, to be delivered to the back office since we found one by the metal gate -imput mistakes sent from Isamel -help deliver new vest to Sam inside warehouse -loaded a suborder -printed 7 container labels and WR, did duplicates -help check in interview (scanner and driver position) and direct them to Fedex area to see Amanda -printed return labels and list and gave to Pablo -WY chat request to check if return was recieved, checked order number, noted SKU, assigned to Pablo -get items ready for new scanner and new sriver starting the next day, inlcuding vests, walkie talkie, gloves, clipboard, pens | AG15: 0 | AH15: 480 | AI15: 0
A16: 46279 | B16: 4 | C16: 10 | D16: ZY-VRS-260910-000002, ZY-WY-SZYDJ-260908-000001, ZY-WY-SZYDJ-260906-000001, ZY-LMVESMYS-260909-000012, checked in assigned to Tix | F16: 46294 | G16: many orders (don't remember code), Amazon, Central, Green Pallets, and organize pallets with Sam | P16: 46281 | T16: -in the morning checked dock and yard for containers before coming inside and clocking in -accepted 22 containers throughtout the day, checking in the container, checking WR for updated locations, and taking pictures of POD -staple loading and unloading, making sure the correct number of putaways were done -10 minutes scheduling email (put onto calendar), responding to emails and work tickets, communicate with elsa in regards to expidited container -sent empty emails, wecom, wechat notifications after the containers were unloaded -报空empties from the day before -排号RXO 30minutes -recieved amazon package, organized, and updated list -checked and responded to work ticket for container FSCU7220860 in regards to BL-BGY002-BR-X-1-S -updated forklift list -went to back of warehouse to check for spaces to park new containers (roughtly 15-20 minutes) -printed 3 labels and did duplicates, for the ones that are scheduled thursday and friday -responded to work ticket on an expidited putaway container SEKU4652340 -uploaded 10 containers and seal photos from containers arrived the day of -showed Kiki how to do empties, putaway and how to do the checklist and write the whiteboard at the end of the day | AG16: 0 | AH16: 480 | AI16: 0
A17: 46279 | B17: 2 | C17: 8 | D17: ZY-LMVESMYS-260910-000006, ZY-LMVESMYS-260910-000008 check in assigned to Yujie | P17: 46282 | T17: -in the morning checked dock and yard for containers before coming inside and clocking in -accepted 14 containers throughtout the day, checking in the container, checking WR for updated locations, and taking pictures of POD -staple loading and unloading, making sure the correct number of putaways were done -added 9/17 containers from excel scheduled and imput into new WMS schedule system -emailed Max Global and Best in regards to missing container photos that were requested of the driver upon delivery (3468S, 9222Max) -transfered appointments in email onto schedule excel -talked with Jane and Isabella to see where we can update in the system, improvements/additions to system to better and effienctly accept containers/notice similar sku etc -noticed new system does not show duplicate SKU with old appointments -checked in with roofers that came to fix he rood, CB Rainkin, checked email and gave locations of where the problems were in the warehouse -explained to KIKI in regards to appointment and schedule, along with new schedule system introduced in the last meeting (15-20 minutes). -sent POD to SSR, due to large amount of drivers asking us to write POD and send over phone as opposed to them coming in (checked other dates, and average around 3 a day, but sometime would go upwards of 6 that we will write when SSR is delivering a lot of containers that day) -sent time correction email and added KIKI to email -scheduled new containers for 9/18 and the week after, adjusted email to notify trucking company in regards to new system -take interviewee to fedex ups area to see amanda -sent emails to RXO, BEST and SSR in regards to next weeks container -sent email for purchase new pallets -print 100 each of morning vc rac, afternoon vc rack, morning fedex rack, afternoon fedex rack -print 18 labels and WR for next week -emailed appointments coming next week (15-20 schedule emails) -did adjusted inventory in the system with Isabella, UETU8865229, change in system, import batch list, and sent email to customer (did this because putaway was complete) -answered 2 phone calls from trucking companies that their containers will arrive 4:10pm and 4:15pm, and a company aksing if container is empty and can come after close -uploaded 5 container photos and seal from the day of | AG17: 0 | AH17: 480 | AI17: 0
A18: 46279 | B18: 1 | C18: 5 | D18: ZY-WY-SWNT-260901-000041 checked in assigned to Ramiro | P18: 46283 | T18: -in the morning before coming in checked the docks and yard for containers to see if it match the list -stapled unloading and putaway sheets together -spent 10 minutes uploading 6 container and seal photos from yesterday -brought to Jane's attention that the arrival time was Beijing time, and if it would conflict with the container being marked late -printed some more labels for outbound area, ups/fedex vc/regular rack -responded to maintainco invoices, confirming the date and what is fixed from June (checked notebook) -write next week's containers on whiteboard -check in fox, for pest control and have him sign the sheet from the company -responded to work ticket and expidited container OOCU7930571 -redid some BEST RXO scheduling due to containers from 9/17 being on hold, there was 5 on hold -uploaded some more photos about 3 from the day before, 1 was missing, has contacted the company for photos since the driver was told (as noted on POD) but did not send (7752) - eventually sent and imported into system -distributed VCE checks to employees, they dropped off and said to give to employees -scheduled containers for the week after, did some adjustements to the time and repsonded to emails -called Meiya (trucking company) as they kept calling Amanda, and they just wanted to switch dates for containers delivery, informed them that the new system would mean they would need to correspond with the customer -helped direct two interviewees to Fedex area to be interviewed -updated amazon list and organized items that arrived -called vivian for container (7991) because driver parked at wrong dock | AG18: 0 | AH18: 480 | AI18: 0
A19: 46280 | B19: 26 | C19: 8 | D19: ZY-BHD-260902-000002 checked in assigned to Emerson | P19: 46286 | T19: -accepted containers throughtout the day, checking in the container, checking WR for updated locations, and taking pictures of POD -distributed VCE cheques to employess that were delivered last week -checked dock and yard for containers that are here and left over the weekend -printed new containers for Monday and did duplicates (5 new containers) -printed a new RXO container and did duplicates since it was not in the system -repsonded to XT on WeCom -sent email for selling broken pallet -sent warning report and time correction -added swing 52 to forlift list -updated machines and maintinance list, contacted wilson on who to contact due to it not being in the records and also what company for repairs in regards to light and fan -contacted Raymond Pengate for broken swing (52) -sent TimeCard email after confirming times in UAcess and adjusted for the employees Martha and Juan Perez -uploaded one container photo of seal and containers from Wechat -taught kiki how to upload photos from cell phone to WMS system -print 2 suborders and the picklists -print return putaway -did suborder preparation in the back with Isabella -scheduled containers manuallly in the system, communicated with oliva from Best in regards to containers going forward | AG19: 0 | AH19: 480 | AI19: 0
A20: 46280 | B20: 1 | C20: 10 | D20: ZY-LMVESMYS-260907-000001 checked in by Kiki, Mandy loaded suborder | P20: 46287 | T20: -checked dock and yard for containers -making sure it matched our checklist -printed and did duplicates of containers that were added after work (RXO) that are supposed to come today -reponded to a work document and also contacted Winona to contact the customer urgently to adjust the containers sku, due to the customer making an error, ended up adjusting the container FFAU2682664 RC since we could not delete the ones made in an error, so those would show up as discrepancies -completed work tickets, checked if systems' schedule match the excel schedule -matched RXO with schedule -sent email for missing screws on OP PO: 092126-04764 to Raymond -sent emails in reference to machines that are broken, forklift slm9, sent to maintainco -printed the remaining labels for the week, and did the duplicates -counted water delivered and taken empties -replied to emails and scheduling conflicts -went to the warehouse and prepared suborder pallets, labeling and replletizing | AG20: 0 | AH20: 480 | AI20: 0
A21: 46282 | B21: 4 | C21: 12 | D21: JR27, AP76, UO87, XW73 check in assigned to Oscar | P21: 46288 | T21: -checked the dock and yard for containers and made sure to matched the container form yesterday afternoon. Gave what I have to KiKi -went training with Isabella and Scanners in teh warehouse to see how to label pallets/repalletize in the afternoon -did calcuations for suborder MQ67, the weight and finished in the system -checked emails, reponded to any necessar, checked Wecom and Wechat -connected 4 airtags to 4 large PDA's and also assigned 2 to the new drivers -organized the office and the items -adjusted Martha's 9/21 and 9/22 time in UAcess -organized forklift list 'OP Admin Checklist | AG21: 0 | AH21: 480 | AI21: 0
A22: 46286 | B22: 1 | C22: 5 | D22: PD93 check in assigned to Yujie | P22: 46289 | T22: -checked the contianers on dock and in the yard and gave it to KiKi when I came in -have people sign the sheet after saefty meeting -respond to emails -updated machines and mainteniance list -organized the office and storage room -bought tape measure on amazon -responded to work tickets -sent time correction forms -oraganize RXO containers, and set how many coming next week -printed rxo SSR containers, did duplicates, and organized -sent cleaning invoice email -organize amazon orders and updated the list -printed bhd containers and did duplicates | AG22: 0 | AH22: 480 | AI22: 0
A23: 46287 | B23: 5 | C23: 8 | D23: ZY-BHD-260821-000003 check in assigned to Yujie | P23: 46290 | T23: -checked docks for containers on dock and containers in the yard and gave post it note to KiKi -taught KiKi some more about accepting containers and what needs to be done as she checked containers on friday and how sunday works with the rotating teams -checked work tickets and responded to some that can be responded to, including if certain SKU can be scanned and used the scanner -checked what was low in the office and bought them on amazon (binder clips, cups for water) -trained with Isabella for new picking KPI method, then inserted picking KPI to excel -organized storage room, desk and office area, took out halloween decorations -organized new amazon packages that arrived and updated on list -printed more ups/fedex rack labels for outbound -added new driver account (Carlos) into UAcess, asked jacky to create driver account -sent bought new pallet and sold broken pallet emails and attachments -directed interviewee to amanda office, directed interviewee to fedex area -repsonded to emails and checked machines and maintenance sheet -did some remaining printing of labels and did duplicates for next week -organized office supplies, and ordered what is low on amazon -wrote next week's container schedule on the white board | AG23: 0 | AH23: 480 | AI23: 0
A24: 46288 | B24: 2 | C24: 8 | D24: ZY-LMVESMYS-260918-0000008, ZY-LMVESMYS-260918-000007 check in assigned to Yujie | P24: 46293 | T24: -checked emails if any from the weekend, -checked all PDA and non assigned PDA's are updated -checked attendance to complete time card later, filled out any time corrections forms as needed (Glasmary，Carlos, Kiki), checked for correct punch in and punch out times in UAcess -checked for any pending appointments in the system -organize labels and WR printed last week of containers that were scheduled for this week, did duplicates for any that were not done -sent empty emails for any remaining warehouse made appointments -oragnized arrived amazon packages and checked/updated list -checked warehouse for leaks (dock 35 and surrounding area, m29 actively leaking, nothing at A13), not usable outlets (dock 54 and above), broken lights (bathroom by electric room), broken fans at dock (104/105), checked pipes after storm and emailed to Alex (landlord), checked work ticket of if the amont of cartons are still at location ( - took about 30 minutes -emailed technician to come take a look at forklift 9 - Luis again since it keeps shutting down -MaintainCo came in to do regualr service on Toyota Forklifts (directed him where and noted the machines her was going to do service on) -corrected Time Card times and checked Timecard to make sure it matched, sent email -sent purchase new pallet email -responded to work tickets, checked inventory, checked if scanned worked -another machine needs service 46-ramiro, the brake pads needs to be replaced -printed 23 labels and WR, did duplicates -updated whiteboard with new containers added over the weekend -imput into KPI list 9/21 KPI machines | AG24: 0 | AH24: 480 | AI24: 0
A25: 46288 | B25: 3 | C25: 15 | D25: DJ17, PD83, FZ54 | P25: 46294 | T25: -labels and duplicates -suborder preparations | AG25: 0 | AH25: 480 | AI25: 0
A26: 46289 | B26: 3 | C26: 15 | D26: XG57, ZY52, EC14 check in assigned to Yujie | P26: 46295 | T26: -did fingerprints with gonzalez -did scan QR with Carlos - told Cassie -checkec machines emails and qoutes -emailed broke pallets (just nation) | AG26: 0 | AH26: 480 | AI26: 0
A27: 46289 | B27: 4 | C27: 10 | D27: XQ85, AW17, GL98, PO19 check in assigned to Yujie | AG27: 0 | AH27: 480 | AI27: 0
A28: 46289 | B28: 2 | C28: 8 | D28: WX26, VR47 check in assigned to Yujie | AG28: 0 | AH28: 480 | AI28: 0
A29: 46290 | B29: 1 | C29: 5 | D29: MV57 check in assigned to Yujie (ADP) | AG29: 0 | AH29: 480 | AI29: 0
AG30: 0 | AH30: 480 | AI30: 0
AG31: 0 | AH31: 480 | AI31: 0
AG32: 0 | AH32: 480 | AI32: 0
AG33: 0 | AH33: 480 | AI33: 0
AG34: 0 | AH34: 480 | AI34: 0
AG35: 0 | AH35: 480 | AI35: 0
AB38: ** | AC38: all sub order related tasks is anything from printing the labels and order, to assign work to driver, to checking accuracy, shipping out order and upload Bol into was)
AB39: *** | AC39: Although the average efficiency is her for daily. But do not pay too much attention for daily score. We need to look at this KPI in a larger scale so weekly is the smallest aggregate you should look at.
AB42: Suborder Error Tracking
AA43: Date | AB43: Order Number | AC43: Error description (description what was wrong, and how many qty )

Sheet Arantxa-scan
A1: Employee Name: | B1: Arantxa
A2: Month | B2: ='Sub order-Isabella'!B$1 -> 9 | D2: SET MAX 100
P3: 200 pkgs/ hr
B4: Factor: | C4: 390 | P4: Entry-level: 200 Ctns/Hr Intermediate: 275 Ctns/Hr Expert: 325 Ctns/Hr
A5: Date | C5: Total Minutes Spent | D5: Score | E5: EXTRA POINT | F5: MISTAKE QTY | G5: % of Mistake | H5: Point Deduction | I5: NOTE | J5: TOTAL HOUR
C7: =HOUR(J7)*60+MINUTE(J7) -> 0
C8: =HOUR(J8)*60+MINUTE(J8) -> 0
C9: =HOUR(J9)*60+MINUTE(J9) -> 0
C10: =HOUR(J10)*60+MINUTE(J10) -> 0
C11: =HOUR(J11)*60+MINUTE(J11) -> 0
C12: =HOUR(J12)*60+MINUTE(J12) -> 0
C13: =HOUR(J13)*60+MINUTE(J13) -> 0
C14: =HOUR(J14)*60+MINUTE(J14) -> 0
C15: =HOUR(J15)*60+MINUTE(J15) -> 0
C16: =HOUR(J16)*60+MINUTE(J16) -> 0
C17: =HOUR(J17)*60+MINUTE(J17) -> 0
C18: =HOUR(J18)*60+MINUTE(J18) -> 0
... C37: =HOUR(J37)*60+MINUTE(J37) -> 0
F38: =SUM(F4:F37) -> 0
A43: For warehouse > 100,000 sqt: Entry-level: 200 Ctns/Hr Intermediate: 290 Ctns/Hr Expert: 390 Ctns/Hr， | G43: For warehouse > 100,000 sqt: Entry-level: 200 Ctns/Hr Intermediate: 290 Ctns/Hr Expert: 390 Ctns/Hr，
A44: For warehouse <100,000 sqt: Entry-level: 300 Ctns/Hr Intermediate: 400 Ctns/Hr Expert: 580 Ctns/Hr， | G44: For warehouse <100,000 sqt: Entry-level: 300 Ctns/Hr Intermediate: 400 Ctns/Hr Expert: 580 Ctns/Hr，
B45: Remark:
B46: 1. All cell highlighted in Green needs to be filled in manually.
B47: 2. When extra point is given (caught others errors), put a "Y" in column E. and have to put down a note
B49: Scanner Responsibilities
B50: 1. When Scanning:
B51: a. Make sure the inbound labels match the SKU’s on the boxes (1 SKU per pallet)
B52: b. In order to avoid errors, scan the boxes one by one when pallet has mixed SKU’S
B53: c. Place labels on box making full contact to ensure they won’t come off later; this includes pressing down all four corners
B54: d. Make sure you scan accurately and do not over scan.
B55: e. Do not leave labels to the side or hide them or throw them away.
B56: 2. You must maintain the outbound area clean and neat. No labels on the floor.
B57: 3. Make sure to write your name, date, and start/finish time. Turn it into Outbound Teamlead.
... B60: 6. Power off your scanner gun and battery power supply and place battery on charger.
B66: No | C66: KPI CATEGORY | D66: MEASUREMENT | E66: PTS AVAIL
B67: 1 | C67: Scanning Efficiency Ratio | D67: Scanning Efficiency Ratio = Total Qty Scanned / Total Hour used. Bench mark is 260 Ctns / Hr. Points Received: Scanning Efficiency Ratio / 260 X 50 If picker is slower than scanner, then scanner must finish within 30 mins of when picker is completed. Note: For warehouse > 100,000 sqft: Entry-level: 200 Ctns/Hr Intermediate: 290 Ctns/Hr Expert: 390 Ctns/Hr For warehouse <100,000 sqft: Entry-level: 300 Ctns/Hr Intermediate: 400 Ctns/Hr Expert: 580 Ctns/Hr | E67: 50
B69: 2 | C69: Error Ratio | D69: Daily Error Ratio is more than 0.1%, Deduct 1 pt per day. This error is identified by Leads and/or checker when there is missing label, label placed on wrong box (swap label) No First Scan: <=0.01 deduct 0 point 0.011 - 0.02 deduct 2 points 0.021 - 0.05 deduct 4 points 0.051 - 0.1 dedcut 6 points >0.1 deduct deduct 10 points | E69: 20
B71: 3 | C71: Houskeeping | D71: 1. Battery and scan gun need to be charged daily. Deduct 1 pt for each day not charged. 2. Safeguard equipment if damaged, deduct 5 pts. Any asset lost or damaged that requires replace, will casue deduction as follow PDA -10pts walkie-talkie -2pts safety vest, cleanning tool -1pt 3. Weekly printer head cleaning. Deduct 1pt each week not cleaned. 4. Assigned work zones must remain clean, organized, and hazard-free. No excessive wraps, empty pallets, or random boxes. Violation: -1 point per day. 5. Attendance and Discipline • Timesheet Corrections: ≥4 corrections/month without valid reason → -1 point. • Tardiness: Any lateness (>1 min) → -1 point per instance. • No-show / No-call: Subject to termination. • Failure to Follow SOP or Supervisor Instruction: -1 point per incident. | E71: 10
B75: 4 | C75: Bonus Points | D75: One can also earn points on the following areas: 1. Cost Saving: Any action or suggestion that leads to cost reduction (e.g., fixing pallets, finishing early). MAX +2. 2. Error Prevention: Detecting and correcting potential errors (e.g., identifying mixed pallets). MAX +2. 3. Core Value Demonstration: Exemplary display of Passion, Responsibility, Altruism, or Integrity (well documented). MAX +2.each category If an employee arrives to work on time and not leaves early, and never requested a leave, he/she can get 1 pt bonus. If an employee has no error in a month, he/she can get 1 pt bonus. | E75: 0

Sheet Arturo-scan
A1: Employee Name: | B1: Arturo
A2: Month | B2: ='Sub order-Isabella'!B$1 -> 9 | D2: SET MAX 100
P3: 200 pkgs/ hr
B4: Factor: | C4: 390 | P4: Entry-level: 200 Ctns/Hr Intermediate: 275 Ctns/Hr Expert: 325 Ctns/Hr
A5: Date | C5: Total Minutes Spent | D5: Score | E5: EXTRA POINT | F5: MISTAKE QTY | G5: % of Mistake | H5: Point Deduction | I5: NOTE | J5: TOTAL HOUR
A6: 46266 | B6: 1589 | C6: =HOUR(J6)*60+MINUTE(J6) -> 310 | D6: =MIN(((B6/(C6/60))/$C$4)*50, 100) -> 39.42928 | F6: 2 | G6: =F6/B6 -> 0.0012586532 | H6: =IF(G6<=0.1%,0,-1) -> -1 | I6: Arturo wrong 2 | J6: 0.21559028
A7: 46267 | B7: 1619 | C7: =HOUR(J7)*60+MINUTE(J7) -> 298 | D7: =MIN(((B7/(C7/60))/$C$4)*50, 100) -> 41.79143 | G7: =F7/B7 -> 0 | H7: =IF(G7<=0.1%,0,-1) -> 0 | J7: 0.20755787
A8: 46269 | B8: 1330 | C8: =HOUR(J8)*60+MINUTE(J8) -> 237 | D8: =MIN(((B8/(C8/60))/$C$4)*50, 100) -> 43.167803 | G8: =F8/B8 -> 0 | H8: =IF(G8<=0.1%,0,-1) -> 0 | J8: 0.16469907
A9: 46271 | B9: 1685 | C9: =HOUR(J9)*60+MINUTE(J9) -> 320 | D9: =MIN(((B9/(C9/60))/$C$4)*50, 100) -> 40.504808 | G9: =F9/B9 -> 0 | H9: =IF(G9<=0.1%,0,-1) -> 0 | J9: 0.22228009 | O9: =B9/(B9+B10) -> 0.51830206
A10: 46273 | B10: 1566 | C10: =HOUR(J10)*60+MINUTE(J10) -> 265 | D10: =MIN(((B10/(C10/60))/$C$4)*50, 100) -> 45.457184 | G10: =F10/B10 -> 0 | H10: =IF(G10<=0.1%,0,-1) -> 0 | J10: 0.18445602 | O10: =B10/(B9+B10) -> 0.48169794
A11: 46274 | B11: 1480 | C11: =HOUR(J11)*60+MINUTE(J11) -> 246 | D11: =MIN(((B11/(C11/60))/$C$4)*50, 100) -> 46.278924 | G11: =F11/B11 -> 0 | H11: =IF(G11<=0.1%,0,-1) -> 0 | J11: 0.17096065 | O11: =B11/(B11+B12) -> 0.48476908
A12: 46275 | B12: 1573 | C12: =HOUR(J12)*60+MINUTE(J12) -> 280 | D12: =MIN(((B12/(C12/60))/$C$4)*50, 100) -> 43.214286 | G12: =F12/B12 -> 0 | H12: =IF(G12<=0.1%,0,-1) -> 0 | J12: 0.19509259 | O12: =B12/(B11+B12) -> 0.51523092
A13: 46276 | B13: 1302 | C13: =HOUR(J13)*60+MINUTE(J13) -> 226 | D13: =MIN(((B13/(C13/60))/$C$4)*50, 100) -> 44.315861 | G13: =F13/B13 -> 0 | H13: =IF(G13<=0.1%,0,-1) -> 0 | J13: 0.15695602
A14: 46278 | B14: 1006 | C14: =HOUR(J14)*60+MINUTE(J14) -> 171 | D14: =MIN(((B14/(C14/60))/$C$4)*50, 100) -> 45.254161 | G14: =F14/B14 -> 0 | H14: =IF(G14<=0.1%,0,-1) -> 0 | J14: 0.11936343
A15: 46279 | B15: 1256 | C15: =HOUR(J15)*60+MINUTE(J15) -> 215 | D15: =MIN(((B15/(C15/60))/$C$4)*50, 100) -> 44.937388 | G15: =F15/B15 -> 0 | H15: =IF(G15<=0.1%,0,-1) -> 0 | J15: 0.14989583
A16: 46280 | B16: 32 | C16: =HOUR(J16)*60+MINUTE(J16) -> 5 | D16: =MIN(((B16/(C16/60))/$C$4)*50, 100) -> 49.230769 | G16: =F16/B16 -> 0 | H16: =IF(G16<=0.1%,0,-1) -> 0 | J16: 0.0034722222 | O16: =B16/(B16+B17) -> 0.030917874
A17: 46281 | B17: 1003 | C17: =HOUR(J17)*60+MINUTE(J17) -> 173 | D17: =MIN(((B17/(C17/60))/$C$4)*50, 100) -> 44.597599 | G17: =F17/B17 -> 0 | H17: =IF(G17<=0.1%,0,-1) -> 0 | J17: 0.12074074 | O17: =B17/(B16+B17) -> 0.96908213
A18: 46282 | B18: 712 | C18: =HOUR(J18)*60+MINUTE(J18) -> 107 | D18: =MIN(((B18/(C18/60))/$C$4)*50, 100) -> 51.186197 | G18: =F18/B18 -> 0 | H18: =IF(G18<=0.1%,0,-1) -> 0 | J18: 0.074375 | O18: =B18/(B18+B19) -> 0.44949495
A19: 46283 | B19: 872 | C19: =HOUR(J19)*60+MINUTE(J19) -> 132 | D19: =MIN(((B19/(C19/60))/$C$4)*50, 100) -> 50.815851 | G19: =F19/B19 -> 0 | H19: =IF(G19<=0.1%,0,-1) -> 0 | J19: 0.092152778 | O19: =B19/(B18+B19) -> 0.55050505
A20: 46285 | B20: 1134 | C20: =HOUR(J20)*60+MINUTE(J20) -> 167 | D20: =MIN(((B20/(C20/60))/$C$4)*50, 100) -> 52.233994 | G20: =F20/B20 -> 0 | H20: =IF(G20<=0.1%,0,-1) -> 0 | J20: 0.11642361
A21: 46286 | B21: 798 | C21: =HOUR(J21)*60+MINUTE(J21) -> 116 | D21: =MIN(((B21/(C21/60))/$C$4)*50, 100) -> 52.917772 | G21: =F21/B21 -> 0 | H21: =IF(G21<=0.1%,0,-1) -> 0 | J21: 0.081111111 | O21: =B21/(B21+B22) -> 0.47246892
A22: 46287 | B22: 891 | C22: =HOUR(J22)*60+MINUTE(J22) -> 124 | D22: =MIN(((B22/(C22/60))/$C$4)*50, 100) -> 55.272953 | G22: =F22/B22 -> 0 | H22: =IF(G22<=0.1%,0,-1) -> 0 | J22: 0.086793981 | O22: =B22/(B21+B22) -> 0.52753108
A23: 46288 | B23: 1430 | C23: =HOUR(J24)*60+MINUTE(J24) -> 220 | D23: =MIN(((B23/(C23/60))/$C$4)*50, 100) -> 50 | G23: =F23/B23 -> 0 | H23: =IF(G23<=0.1%,0,-1) -> 0 | J23: 0.16265046 | O23: =B23/(B23+B24) -> 0.53021876
A24: 46289 | B24: 1267 | C24: =HOUR(J24)*60+MINUTE(J24) -> 220 | D24: =MIN(((B24/(C24/60))/$C$4)*50, 100) -> 44.300699 | F24: 26 | G24: =F24/B24 -> 0.020520916 | H24: =IF(G24<=0.1%,0,-1) -> -1 | I24: Arturo 13 wrong boxes and 13 extra labels | J24: 0.15321759 | O24: =B24/(B24+B23) -> 0.46978124
A25: 46292 | B25: 1414 | C25: =HOUR(J25)*60+MINUTE(J25) -> 203 | D25: =MIN(((B25/(C25/60))/$C$4)*50, 100) -> 53.580902 | G25: =F25/B25 -> 0 | H25: =IF(G25<=0.1%,0,-1) -> 0 | J25: 0.14103009 | O25: =B25/(B25+B26) -> 0.49982326
A26: 46293 | B26: 1415 | C26: =HOUR(J26)*60+MINUTE(J26) -> 250 | D26: =MIN(((B26/(C26/60))/$C$4)*50, 100) -> 43.538462 | G26: =F26/B26 -> 0 | H26: =IF(G26<=0.1%,0,-1) -> 0 | J26: 0.1740625 | O26: =B26/(B26+B25) -> 0.50017674
A27: 46294 | B27: 1041 | C27: =HOUR(J27)*60+MINUTE(J27) -> 144 | D27: =MIN(((B27/(C27/60))/$C$4)*50, 100) -> 55.608974 | G27: =F27/B27 -> 0 | H27: =IF(G27<=0.1%,0,-1)-1 -> -1 | I27: Deduct 1 point to Arturo SOP Violation: print extra label no scan box by pallet | J27: 0.10060185
A28: 46295 | B28: 1075 | C28: =HOUR(J28)*60+MINUTE(J28) -> 219 | D28: =MIN(((B28/(C28/60))/$C$4)*50, 100) -> 37.759045 | G28: =F28/B28 -> 0 | H28: =IF(G28<=0.1%,0,-1) -> 0 | J28: 0.15219907
E29: 1 | H29: =IF(G29<=0.1%,0,-1) -> 0 | I29: Arturo + 1 point for Sep full attandense
H30: =IF(G30<=0.1%,0,-1) -> 0
H31: =IF(G31<=0.1%,0,-1) -> 0
H32: =IF(G32<=0.1%,0,-1) -> 0
H33: =IF(G33<=0.1%,0,-1) -> 0
H34: =IF(G34<=0.1%,0,-1) -> 0
H35: =IF(G35<=0.1%,0,-1) -> 0
H36: =IF(G36<=0.1%,0,-1) -> 0
H37: =IF(G37<=0.1%,0,-1) -> 0
B38: =SUM(B6:B37) -> 27490 | D38: =AVERAGE(D6:D37) -> 46.756276 | E38: =SUM(E6:E37) -> 1 | F38: =SUM(F4:F37) -> 28 | H38: =SUM(H6:H37) -> -3
B40: 5 | C40: =B40/B38 -> 0.00018188432
A43: For warehouse > 100,000 sqt: Entry-level: 200 Ctns/Hr Intermediate: 290 Ctns/Hr Expert: 390 Ctns/Hr， | G43: For warehouse > 100,000 sqt: Entry-level: 200 Ctns/Hr Intermediate: 290 Ctns/Hr Expert: 390 Ctns/Hr，
A44: For warehouse <100,000 sqt: Entry-level: 300 Ctns/Hr Intermediate: 400 Ctns/Hr Expert: 580 Ctns/Hr， | G44: For warehouse <100,000 sqt: Entry-level: 300 Ctns/Hr Intermediate: 400 Ctns/Hr Expert: 580 Ctns/Hr，
B45: Remark:
B46: 1. All cell highlighted in Green needs to be filled in manually.
B47: 2. When extra point is given (caught others errors), put a "Y" in column E. and have to put down a note
B49: Scanner Responsibilities
B50: 1. When Scanning:
B51: a. Make sure the inbound labels match the SKU’s on the boxes (1 SKU per pallet)
B52: b. In order to avoid errors, scan the boxes one by one when pallet has mixed SKU’S
B53: c. Place labels on box making full contact to ensure they won’t come off later; this includes pressing down all four corners
B54: d. Make sure you scan accurately and do not over scan.
B55: e. Do not leave labels to the side or hide them or throw them away.
B56: 2. You must maintain the outbound area clean and neat. No labels on the floor.
B57: 3. Make sure to write your name, date, and start/finish time. Turn it into Outbound Teamlead.
... B60: 6. Power off your scanner gun and battery power supply and place battery on charger.
B66: No | C66: KPI CATEGORY | D66: MEASUREMENT | E66: PTS AVAIL
B67: 1 | C67: Scanning Efficiency Ratio | D67: Scanning Efficiency Ratio = Total Qty Scanned / Total Hour used. Bench mark is 260 Ctns / Hr. Points Received: Scanning Efficiency Ratio / 260 X 50 If picker is slower than scanner, then scanner must finish within 30 mins of when picker is completed. Note: For warehouse > 100,000 sqft: Entry-level: 200 Ctns/Hr Intermediate: 290 Ctns/Hr Expert: 390 Ctns/Hr For warehouse <100,000 sqft: Entry-level: 300 Ctns/Hr Intermediate: 400 Ctns/Hr Expert: 580 Ctns/Hr | E67: 50
B69: 2 | C69: Error Ratio | D69: Daily Error Ratio is more than 0.1%, Deduct 1 pt per day. This error is identified by Leads and/or checker when there is missing label, label placed on wrong box (swap label) No First Scan: <=0.01 deduct 0 point 0.011 - 0.02 deduct 2 points 0.021 - 0.05 deduct 4 points 0.051 - 0.1 dedcut 6 points >0.1 deduct deduct 10 points | E69: 20
B71: 3 | C71: Houskeeping | D71: 1. Battery and scan gun need to be charged daily. Deduct 1 pt for each day not charged. 2. Safeguard equipment if damaged, deduct 5 pts. Any asset lost or damaged that requires replace, will casue deduction as follow PDA -10pts walkie-talkie -2pts safety vest, cleanning tool -1pt 3. Weekly printer head cleaning. Deduct 1pt each week not cleaned. 4. Assigned work zones must remain clean, organized, and hazard-free. No excessive wraps, empty pallets, or random boxes. Violation: -1 point per day. 5. Attendance and Discipline • Timesheet Corrections: ≥4 corrections/month without valid reason → -1 point. • Tardiness: Any lateness (>1 min) → -1 point per instance. • No-show / No-call: Subject to termination. • Failure to Follow SOP or Supervisor Instruction: -1 point per incident. | E71: 10
B75: 4 | C75: Bonus Points | D75: One can also earn points on the following areas: 1. Cost Saving: Any action or suggestion that leads to cost reduction (e.g., fixing pallets, finishing early). MAX +2. 2. Error Prevention: Detecting and correcting potential errors (e.g., identifying mixed pallets). MAX +2. 3. Core Value Demonstration: Exemplary display of Passion, Responsibility, Altruism, or Integrity (well documented). MAX +2.each category If an employee arrives to work on time and not leaves early, and never requested a leave, he/she can get 1 pt bonus. If an employee has no error in a month, he/she can get 1 pt bonus. | E75: 0

Sheet David-scan 
A1: Employee Name: | B1: David Buelvas
A2: Month | B2: ='Sub order-Isabella'!B$1 -> 9 | D2: SET MAX 100
P3: 200 pkgs/ hr
B4: Factor: | C4: 390 | P4: Entry-level: 200 Ctns/Hr Intermediate: 275 Ctns/Hr Expert: 325 Ctns/Hr
A5: Date | C5: Total Minutes Spent | D5: Score | E5: EXTRA POINT | F5: MISTAKE QTY | G5: % of Mistake | H5: Point Deduction | I5: NOTE | J5: TOTAL HOUR
A6: 46266 | B6: 1533 | C6: =HOUR(J6)*60+MINUTE(J6) -> 200 | D6: =MIN(((B6/(C6/60))/$C$4)*50, 100) -> 58.961538 | F6: 15 | G6: =F6/B6 -> 0.0097847358 | H6: =IF(G6<=0.1%,0,-1) -> -1 | I6: David 6 wrong miss 2, David 5 wrong 2 wrong | J6: 0.13915509
A7: 46267 | B7: 1934 | C7: =HOUR(J7)*60+MINUTE(J7) -> 269 | D7: =MIN(((B7/(C7/60))/$C$4)*50, 100) -> 55.304547 | F7: 1 | G7: =F7/B7 -> 0.00051706308 | H7: =IF(G7<=0.1%,0,-1) -> 0 | I7: David - 1 Missing | J7: 0.18704861
A8: 46268 | B8: 2057 | C8: =HOUR(J8)*60+MINUTE(J8) -> 274 | D8: =MIN(((B8/(C8/60))/$C$4)*50, 100) -> 57.748456 | G8: =F8/B8 -> 0 | H8: =IF(G8<=0.1%,0,-1) -> 0 | J8: 0.19050926
A9: 46271 | B9: 2216 | C9: =HOUR(J9)*60+MINUTE(J9) -> 311 | D9: =MIN(((B9/(C9/60))/$C$4)*50, 100) -> 54.810784 | G9: =F9/B9 -> 0 | H9: -1 | I9: David keep the VC label -1 | J9: 0.21665509 | O9: =B9/(B9+B10) -> 0.66466707
A10: 46272 | B10: 1118 | C10: =HOUR(J10)*60+MINUTE(J10) -> 168 | D10: =MIN(((B10/(C10/60))/$C$4)*50, 100) -> 51.190476 | F10: 1 | G10: =F10/B10 -> 0.00089445438 | H10: =IF(G10<=0.1%,0,-1) -> 0 | I10: David miss 1 | J10: 0.11680556 | O10: =B10/(B9+B10) -> 0.33533293
A11: 46273 | B11: 780 | C11: =HOUR(J11)*60+MINUTE(J11) -> 93 | D11: =MIN(((B11/(C11/60))/$C$4)*50, 100) -> 64.516129 | F11: 2 | G11: =F11/B11 -> 0.0025641026 | H11: =IF(G11<=0.1%,0,-1) -> -1 | I11: David - 1 Missing, David - 1 Missing | J11: 0.06505787 | O11: =B11/(B11+B12) -> 0.4171123
A12: 46274 | B12: 1090 | C12: =HOUR(J12)*60+MINUTE(J12) -> 180 | D12: =MIN(((B12/(C12/60))/$C$4)*50, 100) -> 46.581197 | F12: 2 | G12: =F12/B12 -> 0.0018348624 | H12: =IF(G12<=0.1%,0,-1) -> -1 | I12: David - 2 Missing | J12: 0.12506944 | O12: =B12/(B11+B12) -> 0.5828877
A13: 46275 | B13: 2004 | C13: =HOUR(J13)*60+MINUTE(J13) -> 299 | D13: =MIN(((B13/(C13/60))/$C$4)*50, 100) -> 51.55647 | F13: 3 | G13: =F13/B13 -> 0.001497006 | H13: =IF(G13<=0.1%,0,-1)-1 -> -2 | I13: David - 2 Missing - 1p print label Ex | J13: 0.208125
A14: 46276 | B14: 1341 | C14: =HOUR(J14)*60+MINUTE(J14) -> 184 | D14: =MIN(((B14/(C14/60))/$C$4)*50, 100) -> 56.061873 | F14: 2 | G14: =F14/B14 -> 0.0014914243 | H14: =IF(G14<=0.1%,0,-1) -> -1 | I14: David - 2 Missing | J14: 0.12814815
A15: 46279 | B15: 1769 | C15: =HOUR(J15)*60+MINUTE(J15) -> 278 | D15: =MIN(((B15/(C15/60))/$C$4)*50, 100) -> 48.948533 | F15: 2 | G15: =F15/B15 -> 0.0011305823 | H15: =IF(G15<=0.1%,0,-1) -> -1 | I15: David - 2 Missing | J15: 0.19319444
B16: =SUM(B6:B15) -> 15842 | D16: =AVERAGE(D6:D15) -> 54.568 | F16: =SUM(F4:F15) -> 28 | H16: =SUM(H6:H15) -> -8
C18: 2
B19: =C18/B16 -> 0.00012624669
A21: For warehouse > 100,000 sqt: Entry-level: 200 Ctns/Hr Intermediate: 290 Ctns/Hr Expert: 390 Ctns/Hr， | G21: For warehouse > 100,000 sqt: Entry-level: 200 Ctns/Hr Intermediate: 290 Ctns/Hr Expert: 390 Ctns/Hr，
A22: For warehouse <100,000 sqt: Entry-level: 300 Ctns/Hr Intermediate: 400 Ctns/Hr Expert: 580 Ctns/Hr， | G22: For warehouse <100,000 sqt: Entry-level: 300 Ctns/Hr Intermediate: 400 Ctns/Hr Expert: 580 Ctns/Hr，
B23: Remark:
B24: 1. All cell highlighted in Green needs to be filled in manually.
B25: 2. When extra point is given (caught others errors), put a "Y" in column E. and have to put down a note
B27: Scanner Responsibilities
B28: 1. When Scanning:
B29: a. Make sure the inbound labels match the SKU’s on the boxes (1 SKU per pallet)
B30: b. In order to avoid errors, scan the boxes one by one when pallet has mixed SKU’S
B31: c. Place labels on box making full contact to ensure they won’t come off later; this includes pressing down all four corners
B32: d. Make sure you scan accurately and do not over scan.
B33: e. Do not leave labels to the side or hide them or throw them away.
B34: 2. You must maintain the outbound area clean and neat. No labels on the floor.
B35: 3. Make sure to write your name, date, and start/finish time. Turn it into Outbound Teamlead.
... B38: 6. Power off your scanner gun and battery power supply and place battery on charger.
B44: No | C44: KPI CATEGORY | D44: MEASUREMENT | E44: PTS AVAIL
B45: 1 | C45: Scanning Efficiency Ratio | D45: Scanning Efficiency Ratio = Total Qty Scanned / Total Hour used. Bench mark is 260 Ctns / Hr. Points Received: Scanning Efficiency Ratio / 260 X 50 If picker is slower than scanner, then scanner must finish within 30 mins of when picker is completed. Note: For warehouse > 100,000 sqft: Entry-level: 200 Ctns/Hr Intermediate: 290 Ctns/Hr Expert: 390 Ctns/Hr For warehouse <100,000 sqft: Entry-level: 300 Ctns/Hr Intermediate: 400 Ctns/Hr Expert: 580 Ctns/Hr | E45: 50
B47: 2 | C47: Error Ratio | D47: Daily Error Ratio is more than 0.1%, Deduct 1 pt per day. This error is identified by Leads and/or checker when there is missing label, label placed on wrong box (swap label) No First Scan: <=0.01 deduct 0 point 0.011 - 0.02 deduct 2 points 0.021 - 0.05 deduct 4 points 0.051 - 0.1 dedcut 6 points >0.1 deduct deduct 10 points | E47: 20
B49: 3 | C49: Houskeeping | D49: 1. Battery and scan gun need to be charged daily. Deduct 1 pt for each day not charged. 2. Safeguard equipment if damaged, deduct 5 pts. Any asset lost or damaged that requires replace, will casue deduction as follow PDA -10pts walkie-talkie -2pts safety vest, cleanning tool -1pt 3. Weekly printer head cleaning. Deduct 1pt each week not cleaned. 4. Assigned work zones must remain clean, organized, and hazard-free. No excessive wraps, empty pallets, or random boxes. Violation: -1 point per day. 5. Attendance and Discipline • Timesheet Corrections: ≥4 corrections/month without valid reason → -1 point. • Tardiness: Any lateness (>1 min) → -1 point per instance. • No-show / No-call: Subject to termination. • Failure to Follow SOP or Supervisor Instruction: -1 point per incident. | E49: 10
B53: 4 | C53: Bonus Points | D53: One can also earn points on the following areas: 1. Cost Saving: Any action or suggestion that leads to cost reduction (e.g., fixing pallets, finishing early). MAX +2. 2. Error Prevention: Detecting and correcting potential errors (e.g., identifying mixed pallets). MAX +2. 3. Core Value Demonstration: Exemplary display of Passion, Responsibility, Altruism, or Integrity (well documented). MAX +2.each category If an employee arrives to work on time and not leaves early, and never requested a leave, he/she can get 1 pt bonus. If an employee has no error in a month, he/she can get 1 pt bonus. | E53: 0

Sheet Gabriela-scan
A1: Employee Name: | B1: Gabriela | C1: Checker
A2: Month | B2: ='Sub order-Isabella'!B$1 -> 9 | D2: SET MAX 100
P3: 200 pkgs/ hr
B4: Factor: | C4: 390 | P4: Entry-level: 200 Ctns/Hr Intermediate: 275 Ctns/Hr Expert: 325 Ctns/Hr
A5: Date | C5: Total Minutes Spent | D5: Score | E5: EXTRA POINT | F5: MISTAKE QTY | G5: % of Mistake | H5: Point Deduction | I5: NOTE | J5: TOTAL HOUR
A6: 46267 | B6: 44 | C6: =HOUR(J6)*60+MINUTE(J6) -> 17 | D6: =MIN(((B6/(C6/60))/$C$4)*50, 100) -> 19.909502 | G6: =F6/B6 -> 0 | H6: =IF(G6<=0.1%,0,-1) -> 0 | J6: 0.011967593
A7: 46268 | B7: 17 | C7: =HOUR(J7)*60+MINUTE(J7) -> 1 | D7: =MIN(((B7/(C7/60))/$C$4)*50, 100) -> 100 | G7: =F7/B7 -> 0 | H7: =IF(G7<=0.1%,0,-1) -> 0 | J7: 0.00082175926
A8: 46269 | B8: 1 | C8: =HOUR(J8)*60+MINUTE(J8) -> 0 | G8: =F8/B8 -> 0 | H8: =IF(G8<=0.1%,0,-1) -> 0 | J8: 0
A9: 46275 | B9: 6 | C9: =HOUR(J9)*60+MINUTE(J9) -> 0 | G9: =F9/B9 -> 0 | H9: =IF(G9<=0.1%,0,-1) -> 0 | J9: 0.00041666667 | O9: =B9/(B9+B10) -> 0.14634146
A10: 46276 | B10: 35 | C10: =HOUR(J10)*60+MINUTE(J10) -> 5 | D10: =MIN(((B10/(C10/60))/$C$4)*50, 100) -> 53.846154 | G10: =F10/B10 -> 0 | H10: =IF(G10<=0.1%,0,-1) -> 0 | J10: 0.0035763889 | O10: =B10/(B9+B10) -> 0.85365854
A11: 46279 | B11: 2 | C11: =HOUR(J11)*60+MINUTE(J11) -> 0 | G11: =F11/B11 -> 0 | H11: =IF(G11<=0.1%,0,-1) -> 0 | J11: 0.00060185185 | O11: =B11/(B11+B12) -> 0.0069204152
A12: 46283 | B12: 287 | C12: =HOUR(J12)*60+MINUTE(J12) -> 52 | D12: =MIN(((B12/(C12/60))/$C$4)*50, 100) -> 42.455621 | G12: =F12/B12 -> 0 | H12: =IF(G12<=0.1%,0,-1) -> 0 | J12: 0.036122685 | O12: =B12/(B11+B12) -> 0.99307958
A13: 46285 | B13: 8 | C13: =HOUR(J13)*60+MINUTE(J13) -> 4 | D13: =MIN(((B13/(C13/60))/$C$4)*50, 100) -> 15.384615 | G13: =F13/B13 -> 0 | H13: =IF(G13<=0.1%,0,-1)-2 -> -2 | I13: gaby 2 miss check+checking erro | J13: 0.0030787037
A14: 46287 | B14: 23 | C14: =HOUR(J14)*60+MINUTE(J14) -> 2 | D14: =MIN(((B14/(C14/60))/$C$4)*50, 100) -> 88.461538 | G14: =F14/B14 -> 0 | H14: =IF(G14<=0.1%,0,-1) -> 0 | I14: 9/21 不是gaby的是ritizi的， 所以不放在gaby 上 | J14: 0.0015046296 | K14: 9/21 不是gaby的是ritizi的
A15: 46289 | B15: 50 | C15: =HOUR(J15)*60+MINUTE(J15) -> 5 | D15: =MIN(((B15/(C15/60))/$C$4)*50, 100) -> 76.923077 | G15: =F15/B15 -> 0 | H15: =IF(G15<=0.1%,0,-1) -> 0 | J15: 0.0037152778
A16: 46290 | B16: 16 | C16: =HOUR(J16)*60+MINUTE(J16) -> 3 | D16: =MIN(((B16/(C16/60))/$C$4)*50, 100) -> 41.025641 | G16: =F16/B16 -> 0 | H16: =IF(G16<=0.1%,0,-1) -> 0 | J16: 0.0022569444 | O16: =B16/(B16+B17) -> 0.94117647
A17: 46294 | B17: 1 | C17: =HOUR(J17)*60+MINUTE(J17) -> 0 | G17: =F17/B17 -> 0 | H17: =IF(G17<=0.1%,0,-1) -> 0 | J17: 0 | O17: =B17/(B16+B17) -> 0.058823529
H18: -1 | I18: Gaby 9/27 late
B23: =SUM(B6:B22) -> 490 | D23: =AVERAGE(D6:D22) -> 54.750769 | F23: =SUM(F4:F22) -> 0 | H23: =SUM(H6:H22) -> -3
A28: For warehouse > 100,000 sqt: Entry-level: 200 Ctns/Hr Intermediate: 290 Ctns/Hr Expert: 390 Ctns/Hr， | G28: For warehouse > 100,000 sqt: Entry-level: 200 Ctns/Hr Intermediate: 290 Ctns/Hr Expert: 390 Ctns/Hr，
A29: For warehouse <100,000 sqt: Entry-level: 300 Ctns/Hr Intermediate: 400 Ctns/Hr Expert: 580 Ctns/Hr， | G29: For warehouse <100,000 sqt: Entry-level: 300 Ctns/Hr Intermediate: 400 Ctns/Hr Expert: 580 Ctns/Hr，
B30: Remark:
B31: 1. All cell highlighted in Green needs to be filled in manually.
B32: 2. When extra point is given (caught others errors), put a "Y" in column E. and have to put down a note
B34: Scanner Responsibilities
B35: 1. When Scanning:
B36: a. Make sure the inbound labels match the SKU’s on the boxes (1 SKU per pallet)
B37: b. In order to avoid errors, scan the boxes one by one when pallet has mixed SKU’S
B38: c. Place labels on box making full contact to ensure they won’t come off later; this includes pressing down all four corners
B39: d. Make sure you scan accurately and do not over scan.
B40: e. Do not leave labels to the side or hide them or throw them away.
B41: 2. You must maintain the outbound area clean and neat. No labels on the floor.
B42: 3. Make sure to write your name, date, and start/finish time. Turn it into Outbound Teamlead.
... B45: 6. Power off your scanner gun and battery power supply and place battery on charger.
B51: No | C51: KPI CATEGORY | D51: MEASUREMENT | E51: PTS AVAIL
B52: 1 | C52: Scanning Efficiency Ratio | D52: Scanning Efficiency Ratio = Total Qty Scanned / Total Hour used. Bench mark is 260 Ctns / Hr. Points Received: Scanning Efficiency Ratio / 260 X 50 If picker is slower than scanner, then scanner must finish within 30 mins of when picker is completed. Note: For warehouse > 100,000 sqft: Entry-level: 200 Ctns/Hr Intermediate: 290 Ctns/Hr Expert: 390 Ctns/Hr For warehouse <100,000 sqft: Entry-level: 300 Ctns/Hr Intermediate: 400 Ctns/Hr Expert: 580 Ctns/Hr | E52: 50
B54: 2 | C54: Error Ratio | D54: Daily Error Ratio is more than 0.1%, Deduct 1 pt per day. This error is identified by Leads and/or checker when there is missing label, label placed on wrong box (swap label) No First Scan: <=0.01 deduct 0 point 0.011 - 0.02 deduct 2 points 0.021 - 0.05 deduct 4 points 0.051 - 0.1 dedcut 6 points >0.1 deduct deduct 10 points | E54: 20
B56: 3 | C56: Houskeeping | D56: 1. Battery and scan gun need to be charged daily. Deduct 1 pt for each day not charged. 2. Safeguard equipment if damaged, deduct 5 pts. Any asset lost or damaged that requires replace, will casue deduction as follow PDA -10pts walkie-talkie -2pts safety vest, cleanning tool -1pt 3. Weekly printer head cleaning. Deduct 1pt each week not cleaned. 4. Assigned work zones must remain clean, organized, and hazard-free. No excessive wraps, empty pallets, or random boxes. Violation: -1 point per day. 5. Attendance and Discipline • Timesheet Corrections: ≥4 corrections/month without valid reason → -1 point. • Tardiness: Any lateness (>1 min) → -1 point per instance. • No-show / No-call: Subject to termination. • Failure to Follow SOP or Supervisor Instruction: -1 point per incident. | E56: 10
B60: 4 | C60: Bonus Points | D60: One can also earn points on the following areas: 1. Cost Saving: Any action or suggestion that leads to cost reduction (e.g., fixing pallets, finishing early). MAX +2. 2. Error Prevention: Detecting and correcting potential errors (e.g., identifying mixed pallets). MAX +2. 3. Core Value Demonstration: Exemplary display of Passion, Responsibility, Altruism, or Integrity (well documented). MAX +2.each category If an employee arrives to work on time and not leaves early, and never requested a leave, he/she can get 1 pt bonus. If an employee has no error in a month, he/she can get 1 pt bonus. | E60: 0

Sheet Lucia-scan
A1: Employee Name: | B1: Lucia
A2: Month | B2: ='Sub order-Isabella'!B$1 -> 9 | D2: SET MAX 100
P3: 200 pkgs/ hr
B4: Factor: | C4: 390 | P4: Entry-level: 200 Ctns/Hr Intermediate: 275 Ctns/Hr Expert: 325 Ctns/Hr
A5: Date | C5: Total Minutes Spent | D5: Score | E5: EXTRA POINT | F5: MISTAKE QTY | G5: % of Mistake | H5: Point Deduction | I5: NOTE | J5: TOTAL HOUR
A6: 46266 | B6: 1661 | C6: =HOUR(J6)*60+MINUTE(J6) -> 245 | D6: =MIN(((B6/(C6/60))/$C$4)*50, 100) -> 52.150706 | G6: =F6/B6 -> 0 | H6: =IF(G6<=0.1%,0,-1) -> 0 | J6: 0.17047454
A7: 46268 | B7: 1559 | C7: =HOUR(J7)*60+MINUTE(J7) -> 275 | D7: =MIN(((B7/(C7/60))/$C$4)*50, 100) -> 43.608392 | F7: 6 | G7: =F7/B7 -> 0.0038486209 | H7: =IF(G7<=0.1%,0,-1) -> -1 | I7: Lucia 2 wrong 1 missing. Lucia 1 miss 2 wrong | J7: 0.19123843
A8: 46269 | B8: 1602 | C8: =HOUR(J8)*60+MINUTE(J8) -> 278 | D8: =MIN(((B8/(C8/60))/$C$4)*50, 100) -> 44.327615 | F8: 1 | G8: =F8/B8 -> 0.00062421973 | H8: =IF(G8<=0.1%,0,-1) -> 0 | I8: Lucia miss 1 | J8: 0.19325231
A9: 46271 | B9: 2142 | C9: =HOUR(J9)*60+MINUTE(J9) -> 353 | D9: =MIN(((B9/(C9/60))/$C$4)*50, 100) -> 46.676836 | F9: 4 | G9: =F9/B9 -> 0.0018674136 | H9: =IF(G9<=0.1%,0,-1) -> -1 | I9: Lucia 2 wrong, Lucia 2 miss. | J9: 0.24575231 | O9: =B9/(B9+B10) -> 0.55492228
A10: 46272 | B10: 1718 | C10: =HOUR(J10)*60+MINUTE(J10) -> 279 | D10: =MIN(((B10/(C10/60))/$C$4)*50, 100) -> 47.36697 | F10: 3 | G10: =F10/B10 -> 0.0017462165 | H10: =IF(G10<=0.1%,0,-1) -> -1 | I10: Lucia 2 wrong 1 miss | J10: 0.19429398 | O10: =B10/(B9+B10) -> 0.44507772
A11: 46273 | B11: 1800 | C11: =HOUR(J11)*60+MINUTE(J11) -> 273 | D11: =MIN(((B11/(C11/60))/$C$4)*50, 100) -> 50.718512 | F11: 1 | G11: =F11/B11 -> 0.00055555556 | H11: =IF(G11<=0.1%,0,-1) -> 0 | I11: Lucia 1 miss | J11: 0.19010417 | O11: =B11/(B11+B12) -> 0.55987558
A12: 46274 | B12: 1415 | C12: =HOUR(J12)*60+MINUTE(J12) -> 224 | D12: =MIN(((B12/(C12/60))/$C$4)*50, 100) -> 48.592033 | F12: 1 | G12: =F12/B12 -> 0.00070671378 | H12: =IF(G12<=0.1%,0,-1) -> 0 | I12: Lucia 1 miss | J12: 0.15591435 | O12: =B12/(B11+B12) -> 0.44012442
A13: 46275 | B13: 1308 | C13: =HOUR(J13)*60+MINUTE(J13) -> 235 | D13: =MIN(((B13/(C13/60))/$C$4)*50, 100) -> 42.815057 | G13: =F13/B13 -> 0 | H13: =IF(G13<=0.1%,0,-1) -> 0 | J13: 0.16325231
A14: 46278 | B14: 1305 | C14: =HOUR(J14)*60+MINUTE(J14) -> 218 | D14: =MIN(((B14/(C14/60))/$C$4)*50, 100) -> 46.047989 | G14: =F14/B14 -> 0 | H14: =IF(G14<=0.1%,0,-1) -> 0 | J14: 0.15194444
A15: 46279 | B15: 1184 | C15: =HOUR(J15)*60+MINUTE(J15) -> 215 | D15: =MIN(((B15/(C15/60))/$C$4)*50, 100) -> 42.36136 | G15: =F15/B15 -> 0 | H15: =IF(G15<=0.1%,0,-1) -> 0 | J15: 0.14957176
A16: 46280 | B16: 1537 | C16: =HOUR(J16)*60+MINUTE(J16) -> 271 | D16: =MIN(((B16/(C16/60))/$C$4)*50, 100) -> 43.62759 | F16: 1 | G16: =F16/B16 -> 0.00065061809 | H16: =IF(G16<=0.1%,0,-1) -> 0 | I16: Lucia 1 miss | J16: 0.18834491 | O16: =B16/(B16+B17) -> 0.53554007
A17: 46281 | B17: 1333 | C17: =HOUR(J17)*60+MINUTE(J17) -> 233 | D17: =MIN(((B17/(C17/60))/$C$4)*50, 100) -> 44.007923 | G17: =F17/B17 -> 0 | H17: =IF(G17<=0.1%,0,-1) -> 0 | J17: 0.16239583 | O17: =B17/(B16+B17) -> 0.46445993
A18: 46282 | B18: 1035 | C18: =HOUR(J18)*60+MINUTE(J18) -> 174 | D18: =MIN(((B18/(C18/60))/$C$4)*50, 100) -> 45.755968 | F18: 1 | G18: =F18/B18 -> 0.00096618357 | H18: =IF(G18<=0.1%,0,-1) -> 0 | I18: Lucia 1 miss. | J18: 0.12083333 | O18: =B18/(B18+B19) -> 0.45979565
A19: 46283 | B19: 1216 | C19: =HOUR(J19)*60+MINUTE(J19) -> 195 | D19: =MIN(((B19/(C19/60))/$C$4)*50, 100) -> 47.968442 | G19: =F19/B19 -> 0 | H19: =IF(G19<=0.1%,0,-1) -> 0 | J19: 0.13608796 | O19: =B19/(B18+B19) -> 0.54020435
A20: 46286 | B20: 1004 | C20: =HOUR(J20)*60+MINUTE(J20) -> 165 | D20: =MIN(((B20/(C20/60))/$C$4)*50, 100) -> 46.806527 | G20: =F20/B20 -> 0 | H20: =IF(G20<=0.1%,0,-1) -> 0 | J20: 0.11519676
A21: 46287 | B21: 1067 | C21: =HOUR(J21)*60+MINUTE(J21) -> 204 | D21: =MIN(((B21/(C21/60))/$C$4)*50, 100) -> 40.233786 | F21: 2 | G21: =F21/B21 -> 0.0018744142 | H21: =IF(G21<=0.1%,0,-1) -> -1 | I21: lucia 1extra 1wrong | J21: 0.14170139 | O21: =B21/(B21+B22) -> 0.48455949
A22: 46290 | B22: 1135 | C22: =HOUR(J22)*60+MINUTE(J22) -> 200 | D22: =MIN(((B22/(C22/60))/$C$4)*50, 100) -> 43.653846 | F22: 1 | G22: =F22/B22 -> 0.00088105727 | H22: =IF(G22<=0.1%,0,-1) -> 0 | I22: Lucia 1 box no scan | J22: 0.13950231 | O22: =B22/(B21+B22) -> 0.51544051
A23: 46292 | B23: 2000 | C23: =HOUR(J23)*60+MINUTE(J23) -> 284 | D23: =MIN(((B23/(C23/60))/$C$4)*50, 100) -> 54.171181 | F23: 3 | G23: =F23/B23 -> 0.0015 | H23: =IF(G23<=0.1%,0,-1) -> -1 | I23: Lucia miss1+Lucia wrong1+Lucia 1 box no scan | J23: 0.19758102 | O23: =B23/(B23+B24) -> 0.49975012
A24: 46293 | B24: 2002 | C24: =HOUR(J24)*60+MINUTE(J24) -> 343 | D24: =MIN(((B24/(C24/60))/$C$4)*50, 100) -> 44.897959 | F24: 1 | G24: =F24/B24 -> 0.0004995005 | H24: =IF(G24<=0.1%,0,-1) -> 0 | I24: Lucia 1 Label Missing | J24: 0.23840278 | O24: =B24/(B24+B23) -> 0.50024988
A25: 46295 | B25: 1105 | C25: =HOUR(J25)*60+MINUTE(J25) -> 181 | D25: =MIN(((B25/(C25/60))/$C$4)*50, 100) -> 46.961326 | G25: =F25/B25 -> 0 | H25: -1 | I25: Lucia 9/22 late | J25: 0.12574074 | O25: =B25/(B25+B26) -> 1
O26: =B26/(B26+B25) -> 0
B30: =SUM(B6:B29) -> 29128 | D30: =AVERAGE(D6:D29) -> 46.137501 | F30: =SUM(F4:F29) -> 25 | H30: =SUM(H6:H29) -> -6
B32: 10 | C32: =B32/B30 -> 0.00034331228
A35: For warehouse > 100,000 sqt: Entry-level: 200 Ctns/Hr Intermediate: 290 Ctns/Hr Expert: 390 Ctns/Hr， | G35: For warehouse > 100,000 sqt: Entry-level: 200 Ctns/Hr Intermediate: 290 Ctns/Hr Expert: 390 Ctns/Hr，
A36: For warehouse <100,000 sqt: Entry-level: 300 Ctns/Hr Intermediate: 400 Ctns/Hr Expert: 580 Ctns/Hr， | G36: For warehouse <100,000 sqt: Entry-level: 300 Ctns/Hr Intermediate: 400 Ctns/Hr Expert: 580 Ctns/Hr，
B37: Remark:
B38: 1. All cell highlighted in Green needs to be filled in manually.
B39: 2. When extra point is given (caught others errors), put a "Y" in column E. and have to put down a note
B41: Scanner Responsibilities
B42: 1. When Scanning:
B43: a. Make sure the inbound labels match the SKU’s on the boxes (1 SKU per pallet)
B44: b. In order to avoid errors, scan the boxes one by one when pallet has mixed SKU’S
B45: c. Place labels on box making full contact to ensure they won’t come off later; this includes pressing down all four corners
B46: d. Make sure you scan accurately and do not over scan.
B47: e. Do not leave labels to the side or hide them or throw them away.
B48: 2. You must maintain the outbound area clean and neat. No labels on the floor.
B49: 3. Make sure to write your name, date, and start/finish time. Turn it into Outbound Teamlead.
... B52: 6. Power off your scanner gun and battery power supply and place battery on charger.
B58: No | C58: KPI CATEGORY | D58: MEASUREMENT | E58: PTS AVAIL
B59: 1 | C59: Scanning Efficiency Ratio | D59: Scanning Efficiency Ratio = Total Qty Scanned / Total Hour used. Bench mark is 260 Ctns / Hr. Points Received: Scanning Efficiency Ratio / 260 X 50 If picker is slower than scanner, then scanner must finish within 30 mins of when picker is completed. Note: For warehouse > 100,000 sqft: Entry-level: 200 Ctns/Hr Intermediate: 290 Ctns/Hr Expert: 390 Ctns/Hr For warehouse <100,000 sqft: Entry-level: 300 Ctns/Hr Intermediate: 400 Ctns/Hr Expert: 580 Ctns/Hr | E59: 50
B61: 2 | C61: Error Ratio | D61: Daily Error Ratio is more than 0.1%, Deduct 1 pt per day. This error is identified by Leads and/or checker when there is missing label, label placed on wrong box (swap label) No First Scan: <=0.01 deduct 0 point 0.011 - 0.02 deduct 2 points 0.021 - 0.05 deduct 4 points 0.051 - 0.1 dedcut 6 points >0.1 deduct deduct 10 points | E61: 20
B63: 3 | C63: Houskeeping | D63: 1. Battery and scan gun need to be charged daily. Deduct 1 pt for each day not charged. 2. Safeguard equipment if damaged, deduct 5 pts. Any asset lost or damaged that requires replace, will casue deduction as follow PDA -10pts walkie-talkie -2pts safety vest, cleanning tool -1pt 3. Weekly printer head cleaning. Deduct 1pt each week not cleaned. 4. Assigned work zones must remain clean, organized, and hazard-free. No excessive wraps, empty pallets, or random boxes. Violation: -1 point per day. 5. Attendance and Discipline • Timesheet Corrections: ≥4 corrections/month without valid reason → -1 point. • Tardiness: Any lateness (>1 min) → -1 point per instance. • No-show / No-call: Subject to termination. • Failure to Follow SOP or Supervisor Instruction: -1 point per incident. | E63: 10
B67: 4 | C67: Bonus Points | D67: One can also earn points on the following areas: 1. Cost Saving: Any action or suggestion that leads to cost reduction (e.g., fixing pallets, finishing early). MAX +2. 2. Error Prevention: Detecting and correcting potential errors (e.g., identifying mixed pallets). MAX +2. 3. Core Value Demonstration: Exemplary display of Passion, Responsibility, Altruism, or Integrity (well documented). MAX +2.each category If an employee arrives to work on time and not leaves early, and never requested a leave, he/she can get 1 pt bonus. If an employee has no error in a month, he/she can get 1 pt bonus. | E67: 0

Sheet SairyJakiie-scan
A1: Employee Name: | B1: Jakiie | C1: Sairy
A2: Month | B2: ='Sub order-Isabella'!B$1 -> 9 | D2: SET MAX 100
P3: 200 pkgs/ hr
B4: Factor: | C4: 290 | P4: Entry-level: 200 Ctns/Hr Intermediate: 275 Ctns/Hr Expert: 325 Ctns/Hr
A5: Date | C5: Total Minutes Spent | D5: Score | E5: EXTRA POINT | F5: MISTAKE QTY | G5: % of Mistake | H5: Point Deduction | I5: NOTE | J5: TOTAL HOUR
A6: 46266 | B6: 1291 | C6: =HOUR(J6)*60+MINUTE(J6) -> 218 | D6: =MIN(((B6/(C6/60))/$C$4)*50, 100) -> 61.262259 | F6: 1 | G6: =F6/B6 -> 0.00077459334 | H6: =IF(G6<=0.1%,0,-1) -> 0 | I6: Jackie miss 1 | J6: 0.15177083
A7: 46267 | B7: 1833 | C7: =HOUR(J7)*60+MINUTE(J7) -> 268 | D7: =MIN(((B7/(C7/60))/$C$4)*50, 100) -> 70.753989 | F7: 1 | G7: =F7/B7 -> 0.00054555374 | H7: =IF(G7<=0.1%,0,-1) -> 0 | I7: Jackelyn - 1 Missing | J7: 0.18649306
A8: 46269 | B8: 1641 | C8: =HOUR(J8)*60+MINUTE(J8) -> 266 | D8: =MIN(((B8/(C8/60))/$C$4)*50, 100) -> 63.81903 | G8: =F8/B8 -> 0 | H8: =IF(G8<=0.1%,0,-1) -> 0 | J8: 0.18478009
A9: 46271 | B9: 1522 | C9: =HOUR(J9)*60+MINUTE(J9) -> 226 | D9: =MIN(((B9/(C9/60))/$C$4)*50, 100) -> 69.667379 | F9: 1 | G9: =F9/B9 -> 0.00065703022 | H9: =IF(G9<=0.1%,0,-1) -> 0 | I9: Jackie miss 1 | J9: 0.15722222 | O9: =B9/(B9+B10) -> 0.47503121
A10: 46272 | B10: 1682 | C10: =HOUR(J10)*60+MINUTE(J10) -> 255 | D10: =MIN(((B10/(C10/60))/$C$4)*50, 100) -> 68.235294 | G10: =F10/B10 -> 0 | H10: =IF(G10<=0.1%,0,-1) -> 0 | J10: 0.17732639 | O10: =B10/(B9+B10) -> 0.52496879
A11: 46273 | B11: 1310 | C11: =HOUR(J11)*60+MINUTE(J11) -> 206 | D11: =MIN(((B11/(C11/60))/$C$4)*50, 100) -> 65.785069 | F11: 6 | G11: =F11/B11 -> 0.0045801527 | H11: =IF(G11<=0.1%,0,-1) -> -1 | I11: Jackelyn - 4 Wrong - 2 Missing | J11: 0.14342593 | O11: =B11/(B11+B12) -> 0.4532872
A12: 46274 | B12: 1580 | C12: =HOUR(J12)*60+MINUTE(J12) -> 202 | D12: =MIN(((B12/(C12/60))/$C$4)*50, 100) -> 80.914988 | G12: =F12/B12 -> 0 | H12: =IF(G12<=0.1%,0,-1) -> 0 | J12: 0.14086806 | O12: =B12/(B11+B12) -> 0.5467128
A13: 46275 | B13: 1783 | C13: =HOUR(J13)*60+MINUTE(J13) -> 285 | D13: =MIN(((B13/(C13/60))/$C$4)*50, 100) -> 64.718693 | F13: 1 | G13: =F13/B13 -> 0.0005608525 | H13: =IF(G13<=0.1%,0,-1) -> 0 | I13: Jackelyn - 1 Missing | J13: 0.19833333
A14: 46278 | B14: 1378 | C14: =HOUR(J14)*60+MINUTE(J14) -> 208 | D14: =MIN(((B14/(C14/60))/$C$4)*50, 100) -> 68.534483 | G14: =F14/B14 -> 0 | H14: =IF(G14<=0.1%,0,-1)-1 -> -1 | I14: Jackelyn - 1p Print Label Ex | J14: 0.14512731
A15: 46279 | B15: 1938 | C15: =HOUR(J15)*60+MINUTE(J15) -> 298 | D15: =MIN(((B15/(C15/60))/$C$4)*50, 100) -> 67.276094 | F15: 2 | G15: =F15/B15 -> 0.0010319917 | H15: =IF(G15<=0.1%,0,-1) -> -1 | I15: Jackelyn - 2 Missing | J15: 0.20736111
A16: 46280 | B16: 1765 | C16: =HOUR(J16)*60+MINUTE(J16) -> 266 | D16: =MIN(((B16/(C16/60))/$C$4)*50, 100) -> 68.641431 | F16: 4 | G16: =F16/B16 -> 0.002266289 | H16: =IF(G16<=0.1%,0,-1) -> -1 | I16: Jackelyn - 3 Missing - 1 Wrong | J16: 0.185 | O16: =B16/(B16+B17) -> 0.9269958
A17: 46281 | B17: 139 | C17: =HOUR(J17)*60+MINUTE(J17) -> 14 | D17: =MIN(((B17/(C17/60))/$C$4)*50, 100) -> 100 | G17: =F17/B17 -> 0 | H17: =IF(G17<=0.1%,0,-1) -> 0 | J17: 0.010393519 | O17: =B17/(B16+B17) -> 0.073004202
A18: 46283 | B18: 1751 | C18: =HOUR(J18)*60+MINUTE(J18) -> 258 | D18: =MIN(((B18/(C18/60))/$C$4)*50, 100) -> 70.2085 | G18: =F18/B18 -> 0 | H18: =IF(G18<=0.1%,0,-1) -> 0 | J18: 0.17952546 | O18: =B18/(B18+B19) -> 0.45047595
A19: 46285 | B19: 2136 | C19: =HOUR(J19)*60+MINUTE(J19) -> 252 | D19: =MIN(((B19/(C19/60))/$C$4)*50, 100) -> 87.684729 | G19: =F19/B19 -> 0 | H19: =IF(G19<=0.1%,0,-1) -> 0 | J19: 0.17553241 | O19: =B19/(B18+B19) -> 0.54952405
A20: 46286 | B20: 1863 | C20: =HOUR(J20)*60+MINUTE(J20) -> 276 | D20: =MIN(((B20/(C20/60))/$C$4)*50, 100) -> 69.827586 | F20: 1 | G20: =F20/B20 -> 0.00053676865 | H20: =IF(G20<=0.1%,0,-1) -> 0 | I20: Jackelyn - 1 Missing | J20: 0.1922338
A21: 46287 | B21: 1705 | C21: =HOUR(J21)*60+MINUTE(J21) -> 271 | D21: =MIN(((B21/(C21/60))/$C$4)*50, 100) -> 65.084616 | G21: =F21/B21 -> 0 | H21: =IF(G21<=0.1%,0,-1) -> 0 | J21: 0.18880787 | O21: =B21/(B21+B22) -> 0.47546012
A22: 46288 | B22: 1881 | C22: =HOUR(J22)*60+MINUTE(J22) -> 280 | D22: =MIN(((B22/(C22/60))/$C$4)*50, 100) -> 69.495074 | F22: 2 | G22: =F22/B22 -> 0.0010632642 | H22: =IF(G22<=0.1%,0,-1) -> -1 | I22: 2 wrong | J22: 0.19510417 | O22: =B22/(B21+B22) -> 0.52453988
A23: 46289 | B23: 1963 | C23: =HOUR(J23)*60+MINUTE(J23) -> 307 | D23: =MIN(((B23/(C23/60))/$C$4)*50, 100) -> 66.146243 | G23: =F23/B23 -> 0 | H23: =IF(G23<=0.1%,0,-1) -> 0 | J23: 0.21341435 | O23: =B23/(B23+B24) -> 0.52151966
A24: 46290 | B24: 1801 | C24: =HOUR(J24)*60+MINUTE(J24) -> 266 | D24: =MIN(((B24/(C24/60))/$C$4)*50, 100) -> 70.041483 | G24: =F24/B24 -> 0 | H24: =IF(G24<=0.1%,0,-1) -> 0 | J24: 0.18521991 | O24: =B24/(B24+B23) -> 0.47848034
A25: 46293 | B25: 1565 | C25: =HOUR(J25)*60+MINUTE(J25) -> 246 | D25: =MIN(((B25/(C25/60))/$C$4)*50, 100) -> 65.811606 | F25: 2 | G25: =F25/B25 -> 0.0012779553 | H25: =IF(G25<=0.1%,0,-1) -> -1 | I25: Jakiie 2 Label Wrong | J25: 0.17096065 | O25: =B25/(B25+B26) -> 0.52675867
A26: 46294 | B26: 1406 | C26: =HOUR(J26)*60+MINUTE(J26) -> 233 | D26: =MIN(((B26/(C26/60))/$C$4)*50, 100) -> 62.424153 | F26: 1 | G26: =F26/B26 -> 0.00071123755 | H26: =IF(G26<=0.1%,0,-1) -> 0 | I26: Jakiie1 Label Missing | J26: 0.16230324 | O26: =B26/(B26+B25) -> 0.47324133
A27: 46295 | B27: 1481 | C27: =HOUR(J27)*60+MINUTE(J27) -> 266 | D27: =MIN(((B27/(C27/60))/$C$4)*50, 100) -> 57.596578 | G27: =F27/B27 -> 0 | H27: =IF(G27<=0.1%,0,-1) -> 0 | J27: 0.18518519
C28: =HOUR(J28)*60+MINUTE(J28) -> 0 | H28: -2 | I28: Jakiie 9/14and 9/22 late
C29: =HOUR(J29)*60+MINUTE(J29) -> 0
C30: =HOUR(J30)*60+MINUTE(J30) -> 0
C31: =HOUR(J31)*60+MINUTE(J31) -> 0
C32: =HOUR(J32)*60+MINUTE(J32) -> 0
C33: =HOUR(J33)*60+MINUTE(J33) -> 0
C34: =HOUR(J34)*60+MINUTE(J34) -> 0
C35: =HOUR(J35)*60+MINUTE(J35) -> 0
C36: =HOUR(J36)*60+MINUTE(J36) -> 0
C37: =HOUR(J37)*60+MINUTE(J37) -> 0
B38: =SUM(B6:B37) -> 35414 | D38: =AVERAGE(D6:D37) -> 69.724058 | F38: =SUM(F4:F37) -> 22 | H38: =SUM(H6:H37) -> -8
B40: 7
C41: =B40/B38 -> 0.00019766194
A43: For warehouse > 100,000 sqt: Entry-level: 200 Ctns/Hr Intermediate: 290 Ctns/Hr Expert: 390 Ctns/Hr， | G43: For warehouse > 100,000 sqt: Entry-level: 200 Ctns/Hr Intermediate: 290 Ctns/Hr Expert: 390 Ctns/Hr，
A44: For warehouse <100,000 sqt: Entry-level: 300 Ctns/Hr Intermediate: 400 Ctns/Hr Expert: 580 Ctns/Hr， | G44: For warehouse <100,000 sqt: Entry-level: 300 Ctns/Hr Intermediate: 400 Ctns/Hr Expert: 580 Ctns/Hr，
B45: Remark:
B46: 1. All cell highlighted in Green needs to be filled in manually.
B47: 2. When extra point is given (caught others errors), put a "Y" in column E. and have to put down a note
B49: Scanner Responsibilities
B50: 1. When Scanning:
B51: a. Make sure the inbound labels match the SKU’s on the boxes (1 SKU per pallet)
B52: b. In order to avoid errors, scan the boxes one by one when pallet has mixed SKU’S
B53: c. Place labels on box making full contact to ensure they won’t come off later; this includes pressing down all four corners
B54: d. Make sure you scan accurately and do not over scan.
B55: e. Do not leave labels to the side or hide them or throw them away.
B56: 2. You must maintain the outbound area clean and neat. No labels on the floor.
B57: 3. Make sure to write your name, date, and start/finish time. Turn it into Outbound Teamlead.
... B60: 6. Power off your scanner gun and battery power supply and place battery on charger.
B66: No | C66: KPI CATEGORY | D66: MEASUREMENT | E66: PTS AVAIL
B67: 1 | C67: Scanning Efficiency Ratio | D67: Scanning Efficiency Ratio = Total Qty Scanned / Total Hour used. Bench mark is 260 Ctns / Hr. Points Received: Scanning Efficiency Ratio / 260 X 50 If picker is slower than scanner, then scanner must finish within 30 mins of when picker is completed. Note: For warehouse > 100,000 sqft: Entry-level: 200 Ctns/Hr Intermediate: 290 Ctns/Hr Expert: 390 Ctns/Hr For warehouse <100,000 sqft: Entry-level: 300 Ctns/Hr Intermediate: 400 Ctns/Hr Expert: 580 Ctns/Hr | E67: 50
B69: 2 | C69: Error Ratio | D69: Daily Error Ratio is more than 0.1%, Deduct 1 pt per day. This error is identified by Leads and/or checker when there is missing label, label placed on wrong box (swap label) No First Scan: <=0.01 deduct 0 point 0.011 - 0.02 deduct 2 points 0.021 - 0.05 deduct 4 points 0.051 - 0.1 dedcut 6 points >0.1 deduct deduct 10 points | E69: 20
B71: 3 | C71: Houskeeping | D71: 1. Battery and scan gun need to be charged daily. Deduct 1 pt for each day not charged. 2. Safeguard equipment if damaged, deduct 5 pts. Any asset lost or damaged that requires replace, will casue deduction as follow PDA -10pts walkie-talkie -2pts safety vest, cleanning tool -1pt 3. Weekly printer head cleaning. Deduct 1pt each week not cleaned. 4. Assigned work zones must remain clean, organized, and hazard-free. No excessive wraps, empty pallets, or random boxes. Violation: -1 point per day. 5. Attendance and Discipline • Timesheet Corrections: ≥4 corrections/month without valid reason → -1 point. • Tardiness: Any lateness (>1 min) → -1 point per instance. • No-show / No-call: Subject to termination. • Failure to Follow SOP or Supervisor Instruction: -1 point per incident. | E71: 10
B75: 4 | C75: Bonus Points | D75: One can also earn points on the following areas: 1. Cost Saving: Any action or suggestion that leads to cost reduction (e.g., fixing pallets, finishing early). MAX +2. 2. Error Prevention: Detecting and correcting potential errors (e.g., identifying mixed pallets). MAX +2. 3. Core Value Demonstration: Exemplary display of Passion, Responsibility, Altruism, or Integrity (well documented). MAX +2.each category If an employee arrives to work on time and not leaves early, and never requested a leave, he/she can get 1 pt bonus. If an employee has no error in a month, he/she can get 1 pt bonus. | E75: 0

Sheet Mariela-scan
A1: Employee Name: | B1: Mariela
A2: Month | B2: ='Sub order-Isabella'!B$1 -> 9 | D2: SET MAX 100
P3: 200 pkgs/ hr
B4: Factor: | C4: 290 | P4: Entry-level: 200 Ctns/Hr Intermediate: 275 Ctns/Hr Expert: 325 Ctns/Hr
A5: Date | C5: Total Minutes Spent | D5: Score | E5: EXTRA POINT | F5: MISTAKE QTY | G5: % of Mistake | H5: Point Deduction | I5: NOTE | J5: TOTAL HOUR
A6: 46266 | B6: 1358 | C6: =HOUR(J6)*60+MINUTE(J6) -> 261 | D6: =MIN(((B6/(C6/60))/$C$4)*50, 100) -> 53.824812 | F6: 4 | G6: =F6/B6 -> 0.0029455081 | H6: =IF(G6<=0.1%,0,-1) -> -1 | I6: Mariela 2 missing 1 wrong, Mariela missing 1 | J6: 0.18181713
A7: 46268 | B7: 1609 | C7: =HOUR(J7)*60+MINUTE(J7) -> 309 | D7: =MIN(((B7/(C7/60))/$C$4)*50, 100) -> 53.866756 | G7: =F7/B7 -> 0 | H7: =IF(G7<=0.1%,0,-1) -> 0 | J7: 0.21489583
A8: 46269 | B8: 1358 | C8: =HOUR(J8)*60+MINUTE(J8) -> 285 | D8: =MIN(((B8/(C8/60))/$C$4)*50, 100) -> 49.292196 | F8: 4 | G8: =F8/B8 -> 0.0029455081 | H8: =IF(G8<=0.1%,0,-1) -> -1 | I8: Mariela - 4 Missing | J8: 0.19850694
A9: 46272 | B9: 1741 | C9: =HOUR(J9)*60+MINUTE(J9) -> 329 | D9: =MIN(((B9/(C9/60))/$C$4)*50, 100) -> 54.742689 | F9: 1 | G9: =F9/B9 -> 0.00057438254 | H9: =IF(G9<=0.1%,0,-1) -> 0 | I9: Mariela 1 miss | J9: 0.22908565 | O9: =B9/(B9+B10) -> 0.53751158
A10: 46273 | B10: 1498 | C10: =HOUR(J10)*60+MINUTE(J10) -> 278 | D10: =MIN(((B10/(C10/60))/$C$4)*50, 100) -> 55.742992 | G10: =F10/B10 -> 0 | H10: =IF(G10<=0.1%,0,-1) -> 0 | J10: 0.19347222 | O10: =B10/(B9+B10) -> 0.46248842
A11: 46274 | B11: 1306 | C11: =HOUR(J11)*60+MINUTE(J11) -> 228 | D11: =MIN(((B11/(C11/60))/$C$4)*50, 100) -> 59.255898 | G11: =F11/B11 -> 0 | H11: =IF(G11<=0.1%,0,-1) -> 0 | J11: 0.15849537 | O11: =B11/(B11+B12) -> 0.44002695
A12: 46276 | B12: 1662 | C12: =HOUR(J12)*60+MINUTE(J12) -> 340 | D12: =MIN(((B12/(C12/60))/$C$4)*50, 100) -> 50.567951 | G12: =F12/B12 -> 0 | H12: =IF(G12<=0.1%,0,-1) -> 0 | J12: 0.23648148 | O12: =B12/(B11+B12) -> 0.55997305
A13: 46278 | B13: 980 | C13: =HOUR(J13)*60+MINUTE(J13) -> 182 | D13: =MIN(((B13/(C13/60))/$C$4)*50, 100) -> 55.702918 | G13: =F13/B13 -> 0 | H13: =IF(G13<=0.1%,0,-1) -> 0 | J13: 0.12646991
A14: 46279 | B14: 1365 | C14: =HOUR(J14)*60+MINUTE(J14) -> 251 | D14: =MIN(((B14/(C14/60))/$C$4)*50, 100) -> 56.257728 | G14: =F14/B14 -> 0 | H14: =IF(G14<=0.1%,0,-1) -> 0 | J14: 0.1744213
A15: 46280 | B15: 1300 | C15: =HOUR(J15)*60+MINUTE(J15) -> 237 | D15: =MIN(((B15/(C15/60))/$C$4)*50, 100) -> 56.74378 | G15: =F15/B15 -> 0 | H15: =IF(G15<=0.1%,0,-1) -> 0 | J15: 0.1650463
A16: 46281 | B16: 1023 | C16: =HOUR(J16)*60+MINUTE(J16) -> 176 | D16: =MIN(((B16/(C16/60))/$C$4)*50, 100) -> 60.12931 | F16: 2 | G16: =F16/B16 -> 0.0019550342 | H16: =IF(G16<=0.1%,0,-1) -> -1 | I16: Mariela 1 miss+Mariela 1 Missin | J16: 0.12230324 | O16: =B16/(B16+B17) -> 0.49111858
A17: 46282 | B17: 1060 | C17: =HOUR(J17)*60+MINUTE(J17) -> 177 | D17: =MIN(((B17/(C17/60))/$C$4)*50, 100) -> 61.952075 | G17: =F17/B17 -> 0 | H17: =IF(G17<=0.1%,0,-1) -> 0 | J17: 0.12315972 | O17: =B17/(B16+B17) -> 0.50888142
A18: 46285 | B18: 1418 | C18: =HOUR(J18)*60+MINUTE(J18) -> 249 | D18: =MIN(((B18/(C18/60))/$C$4)*50, 100) -> 58.911508 | F18: 1 | G18: =F18/B18 -> 0.00070521862 | H18: =IF(G18<=0.1%,0,-1) -> 0 | I18: Mariela 1 miss | J18: 0.17327546 | O18: =B18/(B18+B19) -> 0.51601164
A19: 46286 | B19: 1330 | C19: =HOUR(J19)*60+MINUTE(J19) -> 223 | D19: =MIN(((B19/(C19/60))/$C$4)*50, 100) -> 61.697851 | G19: =F19/B19 -> 0 | H19: =IF(G19<=0.1%,0,-1) -> 0 | J19: 0.15524306 | O19: =B19/(B18+B19) -> 0.48398836
A20: 46287 | B20: 1093 | C20: =HOUR(J20)*60+MINUTE(J20) -> 219 | D20: =MIN(((B20/(C20/60))/$C$4)*50, 100) -> 51.629665 | G20: =F20/B20 -> 0 | H20: =IF(G20<=0.1%,0,-1) -> 0 | J20: 0.15267361
A21: 46288 | B21: 1129 | C21: =HOUR(J21)*60+MINUTE(J21) -> 220 | D21: =MIN(((B21/(C21/60))/$C$4)*50, 100) -> 53.087774 | G21: =F21/B21 -> 0 | H21: =IF(G21<=0.1%,0,-1) -> 0 | J21: 0.15315972 | O21: =B21/(B21+B22) -> 0.50244771
A22: 46290 | B22: 1118 | C22: =HOUR(J22)*60+MINUTE(J22) -> 213 | D22: =MIN(((B22/(C22/60))/$C$4)*50, 100) -> 54.298203 | G22: =F22/B22 -> 0 | H22: =IF(G22<=0.1%,0,-1) -> 0 | J22: 0.14847222 | O22: =B22/(B21+B22) -> 0.49755229
A23: 46292 | B23: 1708 | C23: =HOUR(J23)*60+MINUTE(J23) -> 295 | D23: =MIN(((B23/(C23/60))/$C$4)*50, 100) -> 59.894798 | G23: =F23/B23 -> 0 | H23: =IF(G23<=0.1%,0,-1) -> 0 | J23: 0.2053125 | O23: =B23/(B23+B24) -> 0.5612882
A24: 46293 | B24: 1335 | C24: =HOUR(J24)*60+MINUTE(J24) -> 234 | D24: =MIN(((B24/(C24/60))/$C$4)*50, 100) -> 59.018568 | G24: =F24/B24 -> 0 | H24: =IF(G24<=0.1%,0,-1) -> 0 | J24: 0.16277778 | O24: =B24/(B24+B23) -> 0.4387118
A25: 46294 | B25: 1343 | C25: =HOUR(J25)*60+MINUTE(J25) -> 256 | D25: =MIN(((B25/(C25/60))/$C$4)*50, 100) -> 54.269935 | F25: 1 | G25: =F25/B25 -> 0.00074460164 | H25: =IF(G25<=0.1%,0,-1) -> 0 | I25: Mariela1 Label Missing | J25: 0.17836806 | O25: =B25/(B25+B26) -> 0.49907098
A26: 46295 | B26: 1348 | C26: =HOUR(J26)*60+MINUTE(J26) -> 267 | D26: =MIN(((B26/(C26/60))/$C$4)*50, 100) -> 52.227819 | G26: =F26/B26 -> 0 | H26: =IF(G26<=0.1%,0,-1) -> 0 | J26: 0.18568287 | O26: =B26/(B26+B25) -> 0.50092902
C27: =HOUR(J27)*60+MINUTE(J27) -> 0 | H27: -1 | I27: Mariela 9/8 late
C28: =HOUR(J28)*60+MINUTE(J28) -> 0
C29: =HOUR(J29)*60+MINUTE(J29) -> 0
C30: =HOUR(J30)*60+MINUTE(J30) -> 0
C31: =HOUR(J31)*60+MINUTE(J31) -> 0
C32: =HOUR(J32)*60+MINUTE(J32) -> 0
C33: =HOUR(J33)*60+MINUTE(J33) -> 0
C34: =HOUR(J34)*60+MINUTE(J34) -> 0
C35: =HOUR(J35)*60+MINUTE(J35) -> 0
C36: =HOUR(J36)*60+MINUTE(J36) -> 0
C37: =HOUR(J37)*60+MINUTE(J37) -> 0
B38: =SUM(B6:B37) -> 28082 | D38: =AVERAGE(D6:D37) -> 55.86263 | F38: =SUM(F4:F37) -> 13 | H38: =SUM(H6:H37) -> -4
B40: 3
C41: =B40/B38 -> 0.00010683
A43: For warehouse > 100,000 sqt: Entry-level: 200 Ctns/Hr Intermediate: 290 Ctns/Hr Expert: 390 Ctns/Hr， | G43: For warehouse > 100,000 sqt: Entry-level: 200 Ctns/Hr Intermediate: 290 Ctns/Hr Expert: 390 Ctns/Hr，
A44: For warehouse <100,000 sqt: Entry-level: 300 Ctns/Hr Intermediate: 400 Ctns/Hr Expert: 580 Ctns/Hr， | G44: For warehouse <100,000 sqt: Entry-level: 300 Ctns/Hr Intermediate: 400 Ctns/Hr Expert: 580 Ctns/Hr，
B45: Remark:
B46: 1. All cell highlighted in Green needs to be filled in manually.
B47: 2. When extra point is given (caught others errors), put a "Y" in column E. and have to put down a note
B49: Scanner Responsibilities
B50: 1. When Scanning:
B51: a. Make sure the inbound labels match the SKU’s on the boxes (1 SKU per pallet)
B52: b. In order to avoid errors, scan the boxes one by one when pallet has mixed SKU’S
B53: c. Place labels on box making full contact to ensure they won’t come off later; this includes pressing down all four corners
B54: d. Make sure you scan accurately and do not over scan.
B55: e. Do not leave labels to the side or hide them or throw them away.
B56: 2. You must maintain the outbound area clean and neat. No labels on the floor.
B57: 3. Make sure to write your name, date, and start/finish time. Turn it into Outbound Teamlead.
... B60: 6. Power off your scanner gun and battery power supply and place battery on charger.
B66: No | C66: KPI CATEGORY | D66: MEASUREMENT | E66: PTS AVAIL
B67: 1 | C67: Scanning Efficiency Ratio | D67: Scanning Efficiency Ratio = Total Qty Scanned / Total Hour used. Bench mark is 260 Ctns / Hr. Points Received: Scanning Efficiency Ratio / 260 X 50 If picker is slower than scanner, then scanner must finish within 30 mins of when picker is completed. Note: For warehouse > 100,000 sqft: Entry-level: 200 Ctns/Hr Intermediate: 290 Ctns/Hr Expert: 390 Ctns/Hr For warehouse <100,000 sqft: Entry-level: 300 Ctns/Hr Intermediate: 400 Ctns/Hr Expert: 580 Ctns/Hr | E67: 50
B69: 2 | C69: Error Ratio | D69: Daily Error Ratio is more than 0.1%, Deduct 1 pt per day. This error is identified by Leads and/or checker when there is missing label, label placed on wrong box (swap label) No First Scan: <=0.01 deduct 0 point 0.011 - 0.02 deduct 2 points 0.021 - 0.05 deduct 4 points 0.051 - 0.1 dedcut 6 points >0.1 deduct deduct 10 points | E69: 20
B71: 3 | C71: Houskeeping | D71: 1. Battery and scan gun need to be charged daily. Deduct 1 pt for each day not charged. 2. Safeguard equipment if damaged, deduct 5 pts. Any asset lost or damaged that requires replace, will casue deduction as follow PDA -10pts walkie-talkie -2pts safety vest, cleanning tool -1pt 3. Weekly printer head cleaning. Deduct 1pt each week not cleaned. 4. Assigned work zones must remain clean, organized, and hazard-free. No excessive wraps, empty pallets, or random boxes. Violation: -1 point per day. 5. Attendance and Discipline • Timesheet Corrections: ≥4 corrections/month without valid reason → -1 point. • Tardiness: Any lateness (>1 min) → -1 point per instance. • No-show / No-call: Subject to termination. • Failure to Follow SOP or Supervisor Instruction: -1 point per incident. | E71: 10
B75: 4 | C75: Bonus Points | D75: One can also earn points on the following areas: 1. Cost Saving: Any action or suggestion that leads to cost reduction (e.g., fixing pallets, finishing early). MAX +2. 2. Error Prevention: Detecting and correcting potential errors (e.g., identifying mixed pallets). MAX +2. 3. Core Value Demonstration: Exemplary display of Passion, Responsibility, Altruism, or Integrity (well documented). MAX +2.each category If an employee arrives to work on time and not leaves early, and never requested a leave, he/she can get 1 pt bonus. If an employee has no error in a month, he/she can get 1 pt bonus. | E75: 0

Sheet Melany-scan
A1: Employee Name: | B1: Melany
A2: Month | B2: ='Sub order-Isabella'!B$1 -> 9 | D2: SET MAX 100
P3: 200 pkgs/ hr
B4: Factor: | C4: 200 | P4: Entry-level: 200 Ctns/Hr Intermediate: 275 Ctns/Hr Expert: 325 Ctns/Hr
A5: Date | C5: Total Minutes Spent | D5: Score | E5: EXTRA POINT | F5: MISTAKE QTY | G5: % of Mistake | H5: Point Deduction | I5: NOTE | J5: TOTAL HOUR
A6: 46266 | B6: 1240 | C6: =HOUR(J6)*60+MINUTE(J6) -> 224 | D6: =MIN(((B6/(C6/60))/$C$4)*50, 100) -> 83.035714 | F6: 1 | G6: =F6/B6 -> 0.00080645161 | H6: =IF(G6<=0.1%,0,-1)-1 -> -1 | I6: Melany print out label -1 | J6: 0.15581019
A7: 46267 | B7: 1450 | C7: =HOUR(J7)*60+MINUTE(J7) -> 260 | D7: =MIN(((B7/(C7/60))/$C$4)*50, 100) -> 83.653846 | F7: 1 | G7: =F7/B7 -> 0.00068965517 | H7: =IF(G7<=0.1%,0,-1) -> 0 | I7: Melani miss 1 | J7: 0.18063657
A8: 46268 | B8: 1620 | C8: =HOUR(J8)*60+MINUTE(J8) -> 271 | D8: =MIN(((B8/(C8/60))/$C$4)*50, 100) -> 89.667897 | G8: =F8/B8 -> 0 | H8: =IF(G8<=0.1%,0,-1) -> 0 | J8: 0.18887731
A9: 46271 | B9: 1836 | C9: =HOUR(J9)*60+MINUTE(J9) -> 311 | D9: =MIN(((B9/(C9/60))/$C$4)*50, 100) -> 88.553055 | G9: =F9/B9 -> 0 | H9: =IF(G9<=0.1%,0,-1) -> 0 | J9: 0.21623843 | O9: =B9/(B9+B10) -> 0.54642857
A10: 46272 | B10: 1524 | C10: =HOUR(J10)*60+MINUTE(J10) -> 265 | D10: =MIN(((B10/(C10/60))/$C$4)*50, 100) -> 86.264151 | F10: 1 | G10: =F10/B10 -> 0.00065616798 | H10: =IF(G10<=0.1%,0,-1) -> 0 | I10: Malady miss 1 | J10: 0.18439815 | O10: =B10/(B9+B10) -> 0.45357143
A11: 46273 | B11: 1600 | C11: =HOUR(J11)*60+MINUTE(J11) -> 274 | D11: =MIN(((B11/(C11/60))/$C$4)*50, 100) -> 87.591241 | G11: =F11/B11 -> 0 | H11: =IF(G11<=0.1%,0,-1) -> 0 | J11: 0.19038194 | O11: =B11/(B11+B12) -> 0.50713154
A12: 46274 | B12: 1555 | C12: =HOUR(J12)*60+MINUTE(J12) -> 264 | D12: =MIN(((B12/(C12/60))/$C$4)*50, 100) -> 88.352273 | F12: 4 | G12: =F12/B12 -> 0.0025723473 | H12: =IF(G12<=0.1%,0,-1) -> -1 | I12: Melany 2 wrong, Melany - 1 Missing, Melany - 1 Missing | J12: 0.18362269 | O12: =B12/(B11+B12) -> 0.49286846
A13: 46276 | B13: 1527 | C13: =HOUR(J13)*60+MINUTE(J13) -> 258 | D13: =MIN(((B13/(C13/60))/$C$4)*50, 100) -> 88.77907 | G13: =F13/B13 -> 0 | H13: =IF(G13<=0.1%,0,-1) -> 0 | J13: 0.17978009
A14: 46278 | B14: 1081 | C14: =HOUR(J14)*60+MINUTE(J14) -> 195 | D14: =MIN(((B14/(C14/60))/$C$4)*50, 100) -> 83.153846 | F14: 1 | G14: =F14/B14 -> 0.00092506938 | H14: =IF(G14<=0.1%,0,-1) -> 0 | I14: Melany - 1 Missing | J14: 0.13596065
A15: 46279 | B15: 1641 | C15: =HOUR(J15)*60+MINUTE(J15) -> 293 | D15: =MIN(((B15/(C15/60))/$C$4)*50, 100) -> 84.010239 | F15: 4 | G15: =F15/B15 -> 0.0024375381 | H15: =IF(G15<=0.1%,0,-1) -> -1 | I15: Melany wrong 4 | J15: 0.20386574
A16: 46280 | B16: 1793 | C16: =HOUR(J16)*60+MINUTE(J16) -> 300 | D16: =MIN(((B16/(C16/60))/$C$4)*50, 100) -> 89.65 | G16: =F16/B16 -> 0 | H16: =IF(G16<=0.1%,0,-1) -> 0 | J16: 0.20847222 | O16: =B16/(B16+B17) -> 0.60759065
A17: 46281 | B17: 1158 | C17: =HOUR(J17)*60+MINUTE(J17) -> 220 | D17: =MIN(((B17/(C17/60))/$C$4)*50, 100) -> 78.954545 | F17: 4 | G17: =F17/B17 -> 0.0034542314 | H17: =IF(G17<=0.1%,0,-1) -> -1 | I17: Melany - 4 Missing | J17: 0.15336806 | O17: =B17/(B16+B17) -> 0.39240935
A18: 46282 | B18: 1683 | C18: =HOUR(J18)*60+MINUTE(J18) -> 308 | D18: =MIN(((B18/(C18/60))/$C$4)*50, 100) -> 81.964286 | F18: 7 | G18: =F18/B18 -> 0.0041592395 | H18: =IF(G18<=0.1%,0,-1) -> -1 | I18: Melany 1 miss 4 wrong+Melany 2 wrong. | J18: 0.21446759 | O18: =B18/(B18+B19) -> 0.48910201
A19: 46285 | B19: 1758 | C19: =HOUR(J19)*60+MINUTE(J19) -> 307 | D19: =MIN(((B19/(C19/60))/$C$4)*50, 100) -> 85.895765 | G19: =F19/B19 -> 0 | H19: =IF(G19<=0.1%,0,-1) -> 0 | J19: 0.21321759 | O19: =B19/(B18+B19) -> 0.51089799
A20: 46286 | B20: 1596 | C20: =HOUR(J20)*60+MINUTE(J20) -> 273 | D20: =MIN(((B20/(C20/60))/$C$4)*50, 100) -> 87.692308 | F20: 4 | G20: =F20/B20 -> 0.0025062657 | H20: =IF(G20<=0.1%,0,-1) -> -1 | I20: Melany - 4 Wrong | J20: 0.1897338
A21: 46287 | B21: 1564 | C21: =HOUR(J21)*60+MINUTE(J21) -> 299 | D21: =MIN(((B21/(C21/60))/$C$4)*50, 100) -> 78.461538 | G21: =F21/B21 -> 0 | H21: =IF(G21<=0.1%,0,-1) -> 0 | J21: 0.2080787 | O21: =B21/(B21+B22) -> 0.57840237
A22: 46288 | B22: 1140 | C22: =HOUR(J22)*60+MINUTE(J22) -> 196 | D22: =MIN(((B22/(C22/60))/$C$4)*50, 100) -> 87.244898 | G22: =F22/B22 -> 0 | H22: =IF(G22<=0.1%,0,-1)-1 -> -1 | I22: manley -1 point print label | J22: 0.13621528 | O22: =B22/(B21+B22) -> 0.42159763
A23: 46289 | B23: 1842 | C23: =HOUR(J23)*60+MINUTE(J23) -> 345 | D23: =MIN(((B23/(C23/60))/$C$4)*50, 100) -> 80.086957 | F23: 1 | G23: =F23/B23 -> 0.00054288817 | H23: =IF(G23<=0.1%,0,-1) -> 0 | I23: Melany 1 box no scan | J23: 0.24024306 | O23: =B23/(B23+B24) -> 0.50067953
A24: 46290 | B24: 1837 | C24: =HOUR(J24)*60+MINUTE(J24) -> 308 | D24: =MIN(((B24/(C24/60))/$C$4)*50, 100) -> 89.464286 | F24: 2 | G24: =F24/B24 -> 0.0010887316 | H24: =IF(G24<=0.1%,0,-1) -> -1 | I24: Melany miss1+Melany miss1 | J24: 0.21435185 | O24: =B24/(B24+B23) -> 0.49932047
A25: 46293 | B25: 1838 | C25: =HOUR(J25)*60+MINUTE(J25) -> 338 | D25: =MIN(((B25/(C25/60))/$C$4)*50, 100) -> 81.568047 | F25: 4 | G25: =F25/B25 -> 0.0021762786 | H25: =IF(G25<=0.1%,0,-1) -> -1 | I25: Melany 1 Label Wrong Melany 1 Label Wrong Melany 1 Label Wrong Melany 1 Label Wrong-9/28 | J25: 0.23488426 | O25: =B25/(B25+B26) -> 0.51774648
A26: 46294 | B26: 1712 | C26: =HOUR(J26)*60+MINUTE(J26) -> 287 | D26: =MIN(((B26/(C26/60))/$C$4)*50, 100) -> 89.477352 | F26: 5 | G26: =F26/B26 -> 0.0029205607 | H26: =IF(G26<=0.1%,0,-1) -> -1 | I26: Melany1 Label Missing，Melany2 Label Wrong + Melany2 wrong | J26: 0.1994213 | O26: =B26/(B26+B25) -> 0.48225352
C27: =HOUR(J27)*60+MINUTE(J27) -> 0 | H27: -1 | I27: Melany 9/8 late
C28: =HOUR(J28)*60+MINUTE(J28) -> 0
C29: =HOUR(J29)*60+MINUTE(J29) -> 0
C30: =HOUR(J30)*60+MINUTE(J30) -> 0
C31: =HOUR(J31)*60+MINUTE(J31) -> 0
C32: =HOUR(J32)*60+MINUTE(J32) -> 0
C33: =HOUR(J33)*60+MINUTE(J33) -> 0
C34: =HOUR(J34)*60+MINUTE(J34) -> 0
C35: =HOUR(J35)*60+MINUTE(J35) -> 0
C36: =HOUR(J36)*60+MINUTE(J36) -> 0
C37: =HOUR(J37)*60+MINUTE(J37) -> 0
B38: =SUM(B6:B37) -> 32995 | D38: =AVERAGE(D6:D37) -> 85.405777 | F38: =SUM(F4:F37) -> 39 | H38: =SUM(H6:H37) -> -11
B40: 2
B41: =B40/B38 -> 6.0615245e-05
A43: For warehouse > 100,000 sqt: Entry-level: 200 Ctns/Hr Intermediate: 290 Ctns/Hr Expert: 390 Ctns/Hr， | G43: For warehouse > 100,000 sqt: Entry-level: 200 Ctns/Hr Intermediate: 290 Ctns/Hr Expert: 390 Ctns/Hr，
A44: For warehouse <100,000 sqt: Entry-level: 300 Ctns/Hr Intermediate: 400 Ctns/Hr Expert: 580 Ctns/Hr， | G44: For warehouse <100,000 sqt: Entry-level: 300 Ctns/Hr Intermediate: 400 Ctns/Hr Expert: 580 Ctns/Hr，
B45: Remark:
B46: 1. All cell highlighted in Green needs to be filled in manually.
B47: 2. When extra point is given (caught others errors), put a "Y" in column E. and have to put down a note
B49: Scanner Responsibilities
B50: 1. When Scanning:
B51: a. Make sure the inbound labels match the SKU’s on the boxes (1 SKU per pallet)
B52: b. In order to avoid errors, scan the boxes one by one when pallet has mixed SKU’S
B53: c. Place labels on box making full contact to ensure they won’t come off later; this includes pressing down all four corners
B54: d. Make sure you scan accurately and do not over scan.
B55: e. Do not leave labels to the side or hide them or throw them away.
B56: 2. You must maintain the outbound area clean and neat. No labels on the floor.
B57: 3. Make sure to write your name, date, and start/finish time. Turn it into Outbound Teamlead.
... B60: 6. Power off your scanner gun and battery power supply and place battery on charger.
B66: No | C66: KPI CATEGORY | D66: MEASUREMENT | E66: PTS AVAIL
B67: 1 | C67: Scanning Efficiency Ratio | D67: Scanning Efficiency Ratio = Total Qty Scanned / Total Hour used. Bench mark is 260 Ctns / Hr. Points Received: Scanning Efficiency Ratio / 260 X 50 If picker is slower than scanner, then scanner must finish within 30 mins of when picker is completed. Note: For warehouse > 100,000 sqft: Entry-level: 200 Ctns/Hr Intermediate: 290 Ctns/Hr Expert: 390 Ctns/Hr For warehouse <100,000 sqft: Entry-level: 300 Ctns/Hr Intermediate: 400 Ctns/Hr Expert: 580 Ctns/Hr | E67: 50
B69: 2 | C69: Error Ratio | D69: Daily Error Ratio is more than 0.1%, Deduct 1 pt per day. This error is identified by Leads and/or checker when there is missing label, label placed on wrong box (swap label) No First Scan: <=0.01 deduct 0 point 0.011 - 0.02 deduct 2 points 0.021 - 0.05 deduct 4 points 0.051 - 0.1 dedcut 6 points >0.1 deduct deduct 10 points | E69: 20
B71: 3 | C71: Houskeeping | D71: 1. Battery and scan gun need to be charged daily. Deduct 1 pt for each day not charged. 2. Safeguard equipment if damaged, deduct 5 pts. Any asset lost or damaged that requires replace, will casue deduction as follow PDA -10pts walkie-talkie -2pts safety vest, cleanning tool -1pt 3. Weekly printer head cleaning. Deduct 1pt each week not cleaned. 4. Assigned work zones must remain clean, organized, and hazard-free. No excessive wraps, empty pallets, or random boxes. Violation: -1 point per day. 5. Attendance and Discipline • Timesheet Corrections: ≥4 corrections/month without valid reason → -1 point. • Tardiness: Any lateness (>1 min) → -1 point per instance. • No-show / No-call: Subject to termination. • Failure to Follow SOP or Supervisor Instruction: -1 point per incident. | E71: 10
B75: 4 | C75: Bonus Points | D75: One can also earn points on the following areas: 1. Cost Saving: Any action or suggestion that leads to cost reduction (e.g., fixing pallets, finishing early). MAX +2. 2. Error Prevention: Detecting and correcting potential errors (e.g., identifying mixed pallets). MAX +2. 3. Core Value Demonstration: Exemplary display of Passion, Responsibility, Altruism, or Integrity (well documented). MAX +2.each category If an employee arrives to work on time and not leaves early, and never requested a leave, he/she can get 1 pt bonus. If an employee has no error in a month, he/she can get 1 pt bonus. | E75: 0

Sheet Martha-scan 
A1: Employee Name: | B1: Martha
A2: Month | B2: ='Sub order-Isabella'!B$1 -> 9 | D2: SET MAX 100
P3: 200 pkgs/ hr
B4: Factor: | C4: 200 | P4: Entry-level: 200 Ctns/Hr Intermediate: 275 Ctns/Hr Expert: 325 Ctns/Hr
A5: Date | C5: Total Minutes Spent | D5: Score | E5: EXTRA POINT | F5: MISTAKE QTY | G5: % of Mistake | H5: Point Deduction | I5: NOTE | J5: TOTAL HOUR
A6: 46281 | B6: 694 | C6: =HOUR(J6)*60+MINUTE(J6) -> 214 | D6: =MIN(((B6/(C6/60))/$C$4)*50, 100) -> 48.64486 | F6: 3 | G6: =F6/B6 -> 0.0043227666 | H6: =IF(G6<=0.1%,0,-1) -> -1 | I6: Martha 2 miss+Martha 1 Missing | J6: 0.14916667
A7: 46282 | B7: 913 | C7: =HOUR(J7)*60+MINUTE(J7) -> 298 | D7: =MIN(((B7/(C7/60))/$C$4)*50, 100) -> 45.956376 | F7: 3 | G7: =F7/B7 -> 0.0032858708 | H7: =IF(G7<=0.1%,0,-1) -> -1 | I7: Martha - 2 Wrong - 1 Missing | J7: 0.20715278
A8: 46283 | B8: 1039 | C8: =HOUR(J8)*60+MINUTE(J8) -> 303 | D8: =MIN(((B8/(C8/60))/$C$4)*50, 100) -> 51.435644 | G8: =F8/B8 -> 0 | H8: =IF(G8<=0.1%,0,-1) -> 0 | J8: 0.21097222
A9: 46285 | B9: 834 | C9: =HOUR(J9)*60+MINUTE(J9) -> 250 | D9: =MIN(((B9/(C9/60))/$C$4)*50, 100) -> 50.04 | F9: 1 | G9: =F9/B9 -> 0.0011990408 | H9: =IF(G9<=0.1%,0,-1) -> -1 | I9: marta 1 miss | J9: 0.17424769
A10: 46286 | B10: 1220 | C10: =HOUR(J10)*60+MINUTE(J10) -> 319 | D10: =MIN(((B10/(C10/60))/$C$4)*50, 100) -> 57.366771 | F10: 1 | G10: =F10/B10 -> 0.00081967213 | H10: =IF(G10<=0.1%,0,-1) -> 0 | I10: Martha - 1 Missing | J10: 0.22212963 | O10: =B10/(B10+B11) -> 0.52473118
A11: 46287 | B11: 1105 | C11: =HOUR(J11)*60+MINUTE(J11) -> 272 | D11: =MIN(((B11/(C11/60))/$C$4)*50, 100) -> 60.9375 | F11: 2 | G11: =F11/B11 -> 0.0018099548 | H11: =IF(G11<=0.1%,0,-1) -> -1 | I11: Martha 2Label Wrong | J11: 0.18934028 | O11: =B11/(B10+B11) -> 0.47526882
A12: 46288 | B12: 1327 | C12: =HOUR(J12)*60+MINUTE(J12) -> 348 | D12: =MIN(((B12/(C12/60))/$C$4)*50, 100) -> 57.198276 | F12: 2 | G12: =F12/B12 -> 0.001507159 | H12: =IF(G12<=0.1%,0,-1) -> -1 | I12: missing 1+1 missing | J12: 0.24229167 | O12: =B12/(B12+B13) -> 0.57897033
A13: 46289 | B13: 965 | C13: =HOUR(J13)*60+MINUTE(J13) -> 242 | D13: =MIN(((B13/(C13/60))/$C$4)*50, 100) -> 59.81405 | F13: 2 | G13: =F13/B13 -> 0.0020725389 | H13: =IF(G13<=0.1%,0,-1)-1 -> -2 | I13: Martha print extra label 1 +martha miss 1+Martha miss1 | J13: 0.16857639 | O13: =B13/(B12+B13) -> 0.42102967
A14: 46292 | B14: 1303 | C14: =HOUR(J14)*60+MINUTE(J14) -> 279 | D14: =MIN(((B14/(C14/60))/$C$4)*50, 100) -> 70.053763 | F14: 1 | G14: =F14/B14 -> 0.00076745971 | H14: =IF(G14<=0.1%,0,-1) -> 0 | I14: Martha 1 box no scan | J14: 0.19403935
A15: 46293 | B15: 1446 | C15: =HOUR(J15)*60+MINUTE(J15) -> 294 | D15: =MIN(((B15/(C15/60))/$C$4)*50, 100) -> 73.77551 | F15: 2 | G15: =F15/B15 -> 0.0013831259 | H15: =IF(G15<=0.1%,0,-1) -> -1 | I15: Martha 1 Label Missing Martha 1 Label Missing -9/28 | J15: 0.20481481
A16: 46294 | B16: 1643 | C16: =HOUR(J16)*60+MINUTE(J16) -> 340 | D16: =MIN(((B16/(C16/60))/$C$4)*50, 100) -> 72.485294 | G16: =F16/B16 -> 0 | H16: =IF(G16<=0.1%,0,-1) -> 0 | J16: 0.23625
A17: 46295 | B17: 1516 | C17: =HOUR(J17)*60+MINUTE(J17) -> 314 | D17: =MIN(((B17/(C17/60))/$C$4)*50, 100) -> 72.420382 | G17: =F17/B17 -> 0 | H17: =IF(G17<=0.1%,0,-1) -> 0 | J17: 0.21847222 | O17: =B17/(B17+B18) -> 1
C18: =HOUR(J18)*60+MINUTE(J18) -> 0 | H18: -1 | I18: Martha -1 for Sep time sheet edit too many times | O18: =B18/(B17+B18) -> 0
C19: =HOUR(J19)*60+MINUTE(J19) -> 0
C20: =HOUR(J20)*60+MINUTE(J20) -> 0
C21: =HOUR(J21)*60+MINUTE(J21) -> 0
C22: =HOUR(J22)*60+MINUTE(J22) -> 0
C23: =HOUR(J23)*60+MINUTE(J23) -> 0
C24: =HOUR(J24)*60+MINUTE(J24) -> 0
C25: =HOUR(J25)*60+MINUTE(J25) -> 0
C26: =HOUR(J26)*60+MINUTE(J26) -> 0
C27: =HOUR(J27)*60+MINUTE(J27) -> 0
B28: =SUM(B7:B27) -> 13311 | D28: =AVERAGE(D6:D27) -> 60.010702 | F28: =SUM(F4:F27) -> 17 | H28: =SUM(H7:H27) -> -8
C30: 2
C31: =C30/B28 -> 0.00015025167
A33: For warehouse > 100,000 sqt: Entry-level: 200 Ctns/Hr Intermediate: 290 Ctns/Hr Expert: 390 Ctns/Hr， | G33: For warehouse > 100,000 sqt: Entry-level: 200 Ctns/Hr Intermediate: 290 Ctns/Hr Expert: 390 Ctns/Hr，
A34: For warehouse <100,000 sqt: Entry-level: 300 Ctns/Hr Intermediate: 400 Ctns/Hr Expert: 580 Ctns/Hr， | G34: For warehouse <100,000 sqt: Entry-level: 300 Ctns/Hr Intermediate: 400 Ctns/Hr Expert: 580 Ctns/Hr，
B35: Remark:
B36: 1. All cell highlighted in Green needs to be filled in manually.
B37: 2. When extra point is given (caught others errors), put a "Y" in column E. and have to put down a note
B39: Scanner Responsibilities
B40: 1. When Scanning:
B41: a. Make sure the inbound labels match the SKU’s on the boxes (1 SKU per pallet)
B42: b. In order to avoid errors, scan the boxes one by one when pallet has mixed SKU’S
B43: c. Place labels on box making full contact to ensure they won’t come off later; this includes pressing down all four corners
B44: d. Make sure you scan accurately and do not over scan.
B45: e. Do not leave labels to the side or hide them or throw them away.
B46: 2. You must maintain the outbound area clean and neat. No labels on the floor.
B47: 3. Make sure to write your name, date, and start/finish time. Turn it into Outbound Teamlead.
... B50: 6. Power off your scanner gun and battery power supply and place battery on charger.
B56: No | C56: KPI CATEGORY | D56: MEASUREMENT | E56: PTS AVAIL
B57: 1 | C57: Scanning Efficiency Ratio | D57: Scanning Efficiency Ratio = Total Qty Scanned / Total Hour used. Bench mark is 260 Ctns / Hr. Points Received: Scanning Efficiency Ratio / 260 X 50 If picker is slower than scanner, then scanner must finish within 30 mins of when picker is completed. Note: For warehouse > 100,000 sqft: Entry-level: 200 Ctns/Hr Intermediate: 290 Ctns/Hr Expert: 390 Ctns/Hr For warehouse <100,000 sqft: Entry-level: 300 Ctns/Hr Intermediate: 400 Ctns/Hr Expert: 580 Ctns/Hr | E57: 50
B59: 2 | C59: Error Ratio | D59: Daily Error Ratio is more than 0.1%, Deduct 1 pt per day. This error is identified by Leads and/or checker when there is missing label, label placed on wrong box (swap label) No First Scan: <=0.01 deduct 0 point 0.011 - 0.02 deduct 2 points 0.021 - 0.05 deduct 4 points 0.051 - 0.1 dedcut 6 points >0.1 deduct deduct 10 points | E59: 20
B61: 3 | C61: Houskeeping | D61: 1. Battery and scan gun need to be charged daily. Deduct 1 pt for each day not charged. 2. Safeguard equipment if damaged, deduct 5 pts. Any asset lost or damaged that requires replace, will casue deduction as follow PDA -10pts walkie-talkie -2pts safety vest, cleanning tool -1pt 3. Weekly printer head cleaning. Deduct 1pt each week not cleaned. 4. Assigned work zones must remain clean, organized, and hazard-free. No excessive wraps, empty pallets, or random boxes. Violation: -1 point per day. 5. Attendance and Discipline • Timesheet Corrections: ≥4 corrections/month without valid reason → -1 point. • Tardiness: Any lateness (>1 min) → -1 point per instance. • No-show / No-call: Subject to termination. • Failure to Follow SOP or Supervisor Instruction: -1 point per incident. | E61: 10
B65: 4 | C65: Bonus Points | D65: One can also earn points on the following areas: 1. Cost Saving: Any action or suggestion that leads to cost reduction (e.g., fixing pallets, finishing early). MAX +2. 2. Error Prevention: Detecting and correcting potential errors (e.g., identifying mixed pallets). MAX +2. 3. Core Value Demonstration: Exemplary display of Passion, Responsibility, Altruism, or Integrity (well documented). MAX +2.each category If an employee arrives to work on time and not leaves early, and never requested a leave, he/she can get 1 pt bonus. If an employee has no error in a month, he/she can get 1 pt bonus. | E65: 0

Sheet Merkin-scan
A1: Employee Name: | B1: Merkin
A2: Month | B2: ='Sub order-Isabella'!B$1 -> 9 | D2: SET MAX 100
P3: 200 pkgs/ hr
B4: Factor: | C4: 200 | P4: Entry-level: 200 Ctns/Hr Intermediate: 275 Ctns/Hr Expert: 325 Ctns/Hr
A5: Date | C5: Total Minutes Spent | D5: Score | E5: EXTRA POINT | F5: MISTAKE QTY | G5: % of Mistake | H5: Point Deduction | I5: NOTE | J5: TOTAL HOUR
A6: 46294 | B6: 444 | C6: =HOUR(J6)*60+MINUTE(J6) -> 202 | F6: 1 | G6: =F6/B6 -> 0.0022522523 | H6: =IF(G6<=0.1%,0,-1) -> -1 | I6: 1 Label Missing: Merkin | J6: 0.1408912
A7: 46295 | B7: 648 | C7: =HOUR(J7)*60+MINUTE(J7) -> 259 | D7: =MIN(((B7/(C7/60))/$C$4)*50, 100) -> 37.528958 | G7: =F7/B7 -> 0 | H7: =IF(G7<=0.1%,0,-1) -> 0 | J7: 0.18046296
C8: =HOUR(J8)*60+MINUTE(J8) -> 0 | F8: 6 | I8: Merklin miss 6
B18: =SUM(B7:B17) -> 648 | F18: =SUM(F4:F17) -> 7
A23: For warehouse > 100,000 sqt: Entry-level: 200 Ctns/Hr Intermediate: 290 Ctns/Hr Expert: 390 Ctns/Hr， | G23: For warehouse > 100,000 sqt: Entry-level: 200 Ctns/Hr Intermediate: 290 Ctns/Hr Expert: 390 Ctns/Hr，
A24: For warehouse <100,000 sqt: Entry-level: 300 Ctns/Hr Intermediate: 400 Ctns/Hr Expert: 580 Ctns/Hr， | G24: For warehouse <100,000 sqt: Entry-level: 300 Ctns/Hr Intermediate: 400 Ctns/Hr Expert: 580 Ctns/Hr，
B25: Remark:
B26: 1. All cell highlighted in Green needs to be filled in manually.
B27: 2. When extra point is given (caught others errors), put a "Y" in column E. and have to put down a note
B29: Scanner Responsibilities
B30: 1. When Scanning:
B31: a. Make sure the inbound labels match the SKU’s on the boxes (1 SKU per pallet)
B32: b. In order to avoid errors, scan the boxes one by one when pallet has mixed SKU’S
B33: c. Place labels on box making full contact to ensure they won’t come off later; this includes pressing down all four corners
B34: d. Make sure you scan accurately and do not over scan.
B35: e. Do not leave labels to the side or hide them or throw them away.
B36: 2. You must maintain the outbound area clean and neat. No labels on the floor.
B37: 3. Make sure to write your name, date, and start/finish time. Turn it into Outbound Teamlead.
... B40: 6. Power off your scanner gun and battery power supply and place battery on charger.
B46: No | C46: KPI CATEGORY | D46: MEASUREMENT | E46: PTS AVAIL
B47: 1 | C47: Scanning Efficiency Ratio | D47: Scanning Efficiency Ratio = Total Qty Scanned / Total Hour used. Bench mark is 260 Ctns / Hr. Points Received: Scanning Efficiency Ratio / 260 X 50 If picker is slower than scanner, then scanner must finish within 30 mins of when picker is completed. Note: For warehouse > 100,000 sqft: Entry-level: 200 Ctns/Hr Intermediate: 290 Ctns/Hr Expert: 390 Ctns/Hr For warehouse <100,000 sqft: Entry-level: 300 Ctns/Hr Intermediate: 400 Ctns/Hr Expert: 580 Ctns/Hr | E47: 50
B49: 2 | C49: Error Ratio | D49: Daily Error Ratio is more than 0.1%, Deduct 1 pt per day. This error is identified by Leads and/or checker when there is missing label, label placed on wrong box (swap label) No First Scan: <=0.01 deduct 0 point 0.011 - 0.02 deduct 2 points 0.021 - 0.05 deduct 4 points 0.051 - 0.1 dedcut 6 points >0.1 deduct deduct 10 points | E49: 20
B51: 3 | C51: Houskeeping | D51: 1. Battery and scan gun need to be charged daily. Deduct 1 pt for each day not charged. 2. Safeguard equipment if damaged, deduct 5 pts. Any asset lost or damaged that requires replace, will casue deduction as follow PDA -10pts walkie-talkie -2pts safety vest, cleanning tool -1pt 3. Weekly printer head cleaning. Deduct 1pt each week not cleaned. 4. Assigned work zones must remain clean, organized, and hazard-free. No excessive wraps, empty pallets, or random boxes. Violation: -1 point per day. 5. Attendance and Discipline • Timesheet Corrections: ≥4 corrections/month without valid reason → -1 point. • Tardiness: Any lateness (>1 min) → -1 point per instance. • No-show / No-call: Subject to termination. • Failure to Follow SOP or Supervisor Instruction: -1 point per incident. | E51: 10
B55: 4 | C55: Bonus Points | D55: One can also earn points on the following areas: 1. Cost Saving: Any action or suggestion that leads to cost reduction (e.g., fixing pallets, finishing early). MAX +2. 2. Error Prevention: Detecting and correcting potential errors (e.g., identifying mixed pallets). MAX +2. 3. Core Value Demonstration: Exemplary display of Passion, Responsibility, Altruism, or Integrity (well documented). MAX +2.each category If an employee arrives to work on time and not leaves early, and never requested a leave, he/she can get 1 pt bonus. If an employee has no error in a month, he/she can get 1 pt bonus. | E55: 0

Sheet Bolun -scan
A1: Employee Name: | B1: Bolun
A2: Month | B2: ='Sub order-Isabella'!B$1 -> 9 | D2: SET MAX 100
P3: 200 pkgs/ hr
B4: Factor: | C4: 200 | P4: Entry-level: 200 Ctns/Hr Intermediate: 275 Ctns/Hr Expert: 325 Ctns/Hr
A5: Date | C5: Total Minutes Spent | D5: Score | E5: EXTRA POINT | F5: MISTAKE QTY | G5: % of Mistake | H5: Point Deduction | I5: NOTE | J5: TOTAL HOUR
A6: 46271 | B6: 6 | C6: =HOUR(J6)*60+MINUTE(J6) -> 3 | D6: =MIN(((B6/(C6/60))/$C$4)*50, 100) -> 30 | G6: =F6/B6 -> 0 | H6: =IF(G6<=0.1%,0,-1) -> 0 | J6: 0.0021759259
A7: 46281 | B7: 315 | C7: =HOUR(J7)*60+MINUTE(J7) -> 106 | D7: =MIN(((B7/(C7/60))/$C$4)*50, 100) -> 44.575472 | G7: =F7/B7 -> 0 | H7: =IF(G7<=0.1%,0,-1) -> 0 | J7: 0.073935185
A8: 46282 | B8: 679 | C8: =HOUR(J8)*60+MINUTE(J8) -> 195 | D8: =MIN(((B8/(C8/60))/$C$4)*50, 100) -> 52.230769 | G8: =F8/B8 -> 0 | H8: =IF(G8<=0.1%,0,-1) -> 0 | J8: 0.13547454
A9: 46283 | B9: 717 | C9: =HOUR(J9)*60+MINUTE(J9) -> 167 | D9: =MIN(((B9/(C9/60))/$C$4)*50, 100) -> 64.401198 | J9: 0.11628472 | O9: =B9/(B9+B10) -> 0.42678571
A10: 46285 | B10: 963 | C10: =HOUR(J10)*60+MINUTE(J10) -> 252 | D10: =MIN(((B10/(C10/60))/$C$4)*50, 100) -> 57.321429 | J10: 0.17525463 | O10: =B10/(B9+B10) -> 0.57321429
A11: 46286 | B11: 365 | C11: =HOUR(J11)*60+MINUTE(J11) -> 81 | D11: =MIN(((B11/(C11/60))/$C$4)*50, 100) -> 67.592593 | J11: 0.056516204 | O11: =B11/(B11+B12) -> 0.36210317
A12: 46287 | B12: 643 | C12: =HOUR(J12)*60+MINUTE(J12) -> 144 | D12: =MIN(((B12/(C12/60))/$C$4)*50, 100) -> 66.979167 | J12: 0.100625 | O12: =B12/(B11+B12) -> 0.63789683
A13: 46288 | B13: 76 | C13: =HOUR(J13)*60+MINUTE(J13) -> 14 | D13: =MIN(((B13/(C13/60))/$C$4)*50, 100) -> 81.428571 | J13: 0.010092593
A14: 46289 | B14: 598 | C14: =HOUR(J14)*60+MINUTE(J14) -> 142 | D14: =MIN(((B14/(C14/60))/$C$4)*50, 100) -> 63.169014 | J14: 0.099131944
A15: 46290 | B15: 718 | C15: =HOUR(J15)*60+MINUTE(J15) -> 189 | D15: =MIN(((B15/(C15/60))/$C$4)*50, 100) -> 56.984127 | F15: 3 | G15: =F15/B15 -> 0.004178273 | H15: =IF(G15<=0.1%,0,-1) -> -1 | I15: Bolun miss 1+Bolun miss1+Bolun miss1 | J15: 0.13173611
A16: 46292 | B16: 923 | C16: =HOUR(J16)*60+MINUTE(J16) -> 196 | D16: =MIN(((B16/(C16/60))/$C$4)*50, 100) -> 70.637755 | J16: 0.13667824 | O16: =B16/(B16+B17) -> 0.58977636
A17: 46293 | B17: 642 | C17: =HOUR(J17)*60+MINUTE(J17) -> 178 | D17: =MIN(((B17/(C17/60))/$C$4)*50, 100) -> 54.101124 | F17: 5 | G17: =F17/B17 -> 0.007788162 | H17: =IF(G17<=0.1%,0,-1) -> -1 | I17: Bolun 5 Label Wrong: 3 box label 2 sides, 2 boxes wrong swaps | J17: 0.12383102 | O17: =B17/(B16+B17) -> 0.41022364
A18: 46294 | B18: 546 | C18: =HOUR(J18)*60+MINUTE(J18) -> 154 | D18: =MIN(((B18/(C18/60))/$C$4)*50, 100) -> 53.181818 | J18: 0.10703704 | O18: =B18/(B18+B19) -> 0.89361702
A19: 46295 | B19: 65 | C19: =HOUR(J19)*60+MINUTE(J19) -> 18 | D19: =MIN(((B19/(C19/60))/$C$4)*50, 100) -> 54.166667 | J19: 0.012800926 | O19: =B19/(B18+B19) -> 0.10638298
C20: =HOUR(J20)*60+MINUTE(J20) -> 0
C21: =HOUR(J21)*60+MINUTE(J21) -> 0
C22: =HOUR(J22)*60+MINUTE(J22) -> 0
C23: =HOUR(J23)*60+MINUTE(J23) -> 0
C24: =HOUR(J24)*60+MINUTE(J24) -> 0
C25: =HOUR(J25)*60+MINUTE(J25) -> 0
C26: =HOUR(J26)*60+MINUTE(J26) -> 0
C27: =HOUR(J27)*60+MINUTE(J27) -> 0
C28: =HOUR(J28)*60+MINUTE(J28) -> 0
C29: =HOUR(J29)*60+MINUTE(J29) -> 0
C30: =HOUR(J30)*60+MINUTE(J30) -> 0
C31: =HOUR(J31)*60+MINUTE(J31) -> 0
... C37: =HOUR(J37)*60+MINUTE(J37) -> 0
B38: =SUM(B6:B37) -> 7256 | F38: =SUM(F4:F37) -> 8
A43: For warehouse > 100,000 sqt: Entry-level: 200 Ctns/Hr Intermediate: 290 Ctns/Hr Expert: 390 Ctns/Hr， | G43: For warehouse > 100,000 sqt: Entry-level: 200 Ctns/Hr Intermediate: 290 Ctns/Hr Expert: 390 Ctns/Hr，
A44: For warehouse <100,000 sqt: Entry-level: 300 Ctns/Hr Intermediate: 400 Ctns/Hr Expert: 580 Ctns/Hr， | G44: For warehouse <100,000 sqt: Entry-level: 300 Ctns/Hr Intermediate: 400 Ctns/Hr Expert: 580 Ctns/Hr，
B45: Remark:
B46: 1. All cell highlighted in Green needs to be filled in manually.
B47: 2. When extra point is given (caught others errors), put a "Y" in column E. and have to put down a note
B49: Scanner Responsibilities
B50: 1. When Scanning:
B51: a. Make sure the inbound labels match the SKU’s on the boxes (1 SKU per pallet)
B52: b. In order to avoid errors, scan the boxes one by one when pallet has mixed SKU’S
B53: c. Place labels on box making full contact to ensure they won’t come off later; this includes pressing down all four corners
B54: d. Make sure you scan accurately and do not over scan.
B55: e. Do not leave labels to the side or hide them or throw them away.
B56: 2. You must maintain the outbound area clean and neat. No labels on the floor.
B57: 3. Make sure to write your name, date, and start/finish time. Turn it into Outbound Teamlead.
... B60: 6. Power off your scanner gun and battery power supply and place battery on charger.
B66: No | C66: KPI CATEGORY | D66: MEASUREMENT | E66: PTS AVAIL
B67: 1 | C67: Scanning Efficiency Ratio | D67: Scanning Efficiency Ratio = Total Qty Scanned / Total Hour used. Bench mark is 260 Ctns / Hr. Points Received: Scanning Efficiency Ratio / 260 X 50 If picker is slower than scanner, then scanner must finish within 30 mins of when picker is completed. Note: For warehouse > 100,000 sqft: Entry-level: 200 Ctns/Hr Intermediate: 290 Ctns/Hr Expert: 390 Ctns/Hr For warehouse <100,000 sqft: Entry-level: 300 Ctns/Hr Intermediate: 400 Ctns/Hr Expert: 580 Ctns/Hr | E67: 50
B69: 2 | C69: Error Ratio | D69: Daily Error Ratio is more than 0.1%, Deduct 1 pt per day. This error is identified by Leads and/or checker when there is missing label, label placed on wrong box (swap label) No First Scan: <=0.01 deduct 0 point 0.011 - 0.02 deduct 2 points 0.021 - 0.05 deduct 4 points 0.051 - 0.1 dedcut 6 points >0.1 deduct deduct 10 points | E69: 20
B71: 3 | C71: Houskeeping | D71: 1. Battery and scan gun need to be charged daily. Deduct 1 pt for each day not charged. 2. Safeguard equipment if damaged, deduct 5 pts. Any asset lost or damaged that requires replace, will casue deduction as follow PDA -10pts walkie-talkie -2pts safety vest, cleanning tool -1pt 3. Weekly printer head cleaning. Deduct 1pt each week not cleaned. 4. Assigned work zones must remain clean, organized, and hazard-free. No excessive wraps, empty pallets, or random boxes. Violation: -1 point per day. 5. Attendance and Discipline • Timesheet Corrections: ≥4 corrections/month without valid reason → -1 point. • Tardiness: Any lateness (>1 min) → -1 point per instance. • No-show / No-call: Subject to termination. • Failure to Follow SOP or Supervisor Instruction: -1 point per incident. | E71: 10
B75: 4 | C75: Bonus Points | D75: One can also earn points on the following areas: 1. Cost Saving: Any action or suggestion that leads to cost reduction (e.g., fixing pallets, finishing early). MAX +2. 2. Error Prevention: Detecting and correcting potential errors (e.g., identifying mixed pallets). MAX +2. 3. Core Value Demonstration: Exemplary display of Passion, Responsibility, Altruism, or Integrity (well documented). MAX +2.each category If an employee arrives to work on time and not leaves early, and never requested a leave, he/she can get 1 pt bonus. If an employee has no error in a month, he/she can get 1 pt bonus. | E75: 0

Sheet Sigrid Rodriguez -scan
A1: Employee Name: | B1: Sigrid Rodriguez (Daisy)
A2: Month | B2: ='Sub order-Isabella'!B$1 -> 9 | D2: SET MAX 100
P3: 200 pkgs/ hr
B4: Factor: | C4: 200 | P4: Entry-level: 200 Ctns/Hr Intermediate: 275 Ctns/Hr Expert: 325 Ctns/Hr
A5: Date | C5: Total Minutes Spent | D5: Score | E5: EXTRA POINT | F5: MISTAKE QTY | G5: % of Mistake | H5: Point Deduction | I5: NOTE | J5: TOTAL HOUR
A6: 46267 | B6: 701 | C6: =HOUR(J6)*60+MINUTE(J6) -> 255 | D6: =MIN(((B6/(C6/60))/$C$4)*50, 100) -> 41.235294 | F6: 6 | G6: =F6/B6 -> 0.0085592011 | H6: =IF(G6<=0.1%,0,-1) -> -1 | I6: Sigrid - 6 Missing | J6: 0.17761574
A7: 46269 | B7: 658 | C7: =HOUR(J7)*60+MINUTE(J7) -> 194 | D7: =MIN(((B7/(C7/60))/$C$4)*50, 100) -> 50.876289 | F7: 10 | G7: =F7/B7 -> 0.015197568 | H7: =IF(G7<=0.1%,0,-1) -> -1 | I7: Sigrid - 6 Wrong - 4 Missing | J7: 0.13524306
A8: 46271 | B8: 1049 | C8: =HOUR(J8)*60+MINUTE(J8) -> 281 | D8: =MIN(((B8/(C8/60))/$C$4)*50, 100) -> 55.996441 | F8: 6 | G8: =F8/B8 -> 0.0057197331 | H8: =IF(G8<=0.1%,0,-1) -> -1 | I8: Srigrid miss2, Sigrid 2 miss, Sigrid 2 miss. | J8: 0.19550926
C9: =HOUR(J9)*60+MINUTE(J9) -> 0
C10: =HOUR(J10)*60+MINUTE(J10) -> 0
C11: =HOUR(J11)*60+MINUTE(J11) -> 0
C12: =HOUR(J12)*60+MINUTE(J12) -> 0
C13: =HOUR(J13)*60+MINUTE(J13) -> 0
C14: =HOUR(J14)*60+MINUTE(J14) -> 0
C15: =HOUR(J15)*60+MINUTE(J15) -> 0
C16: =HOUR(J16)*60+MINUTE(J16) -> 0
C17: =HOUR(J17)*60+MINUTE(J17) -> 0
C18: =HOUR(J18)*60+MINUTE(J18) -> 0
C19: =HOUR(J19)*60+MINUTE(J19) -> 0
C20: =HOUR(J20)*60+MINUTE(J20) -> 0
... C37: =HOUR(J37)*60+MINUTE(J37) -> 0
B38: =SUM(B6:B37) -> 2408 | F38: =SUM(F4:F37) -> 22
A43: For warehouse > 100,000 sqt: Entry-level: 200 Ctns/Hr Intermediate: 290 Ctns/Hr Expert: 390 Ctns/Hr， | G43: For warehouse > 100,000 sqt: Entry-level: 200 Ctns/Hr Intermediate: 290 Ctns/Hr Expert: 390 Ctns/Hr，
A44: For warehouse <100,000 sqt: Entry-level: 300 Ctns/Hr Intermediate: 400 Ctns/Hr Expert: 580 Ctns/Hr， | G44: For warehouse <100,000 sqt: Entry-level: 300 Ctns/Hr Intermediate: 400 Ctns/Hr Expert: 580 Ctns/Hr，
B45: Remark:
B46: 1. All cell highlighted in Green needs to be filled in manually.
B47: 2. When extra point is given (caught others errors), put a "Y" in column E. and have to put down a note
B49: Scanner Responsibilities
B50: 1. When Scanning:
B51: a. Make sure the inbound labels match the SKU’s on the boxes (1 SKU per pallet)
B52: b. In order to avoid errors, scan the boxes one by one when pallet has mixed SKU’S
B53: c. Place labels on box making full contact to ensure they won’t come off later; this includes pressing down all four corners
B54: d. Make sure you scan accurately and do not over scan.
B55: e. Do not leave labels to the side or hide them or throw them away.
B56: 2. You must maintain the outbound area clean and neat. No labels on the floor.
B57: 3. Make sure to write your name, date, and start/finish time. Turn it into Outbound Teamlead.
... B60: 6. Power off your scanner gun and battery power supply and place battery on charger.
B66: No | C66: KPI CATEGORY | D66: MEASUREMENT | E66: PTS AVAIL
B67: 1 | C67: Scanning Efficiency Ratio | D67: Scanning Efficiency Ratio = Total Qty Scanned / Total Hour used. Bench mark is 260 Ctns / Hr. Points Received: Scanning Efficiency Ratio / 260 X 50 If picker is slower than scanner, then scanner must finish within 30 mins of when picker is completed. Note: For warehouse > 100,000 sqft: Entry-level: 200 Ctns/Hr Intermediate: 290 Ctns/Hr Expert: 390 Ctns/Hr For warehouse <100,000 sqft: Entry-level: 300 Ctns/Hr Intermediate: 400 Ctns/Hr Expert: 580 Ctns/Hr | E67: 50
B69: 2 | C69: Error Ratio | D69: Daily Error Ratio is more than 0.1%, Deduct 1 pt per day. This error is identified by Leads and/or checker when there is missing label, label placed on wrong box (swap label) No First Scan: <=0.01 deduct 0 point 0.011 - 0.02 deduct 2 points 0.021 - 0.05 deduct 4 points 0.051 - 0.1 dedcut 6 points >0.1 deduct deduct 10 points | E69: 20
B71: 3 | C71: Houskeeping | D71: 1. Battery and scan gun need to be charged daily. Deduct 1 pt for each day not charged. 2. Safeguard equipment if damaged, deduct 5 pts. Any asset lost or damaged that requires replace, will casue deduction as follow PDA -10pts walkie-talkie -2pts safety vest, cleanning tool -1pt 3. Weekly printer head cleaning. Deduct 1pt each week not cleaned. 4. Assigned work zones must remain clean, organized, and hazard-free. No excessive wraps, empty pallets, or random boxes. Violation: -1 point per day. 5. Attendance and Discipline • Timesheet Corrections: ≥4 corrections/month without valid reason → -1 point. • Tardiness: Any lateness (>1 min) → -1 point per instance. • No-show / No-call: Subject to termination. • Failure to Follow SOP or Supervisor Instruction: -1 point per incident. | E71: 10
B75: 4 | C75: Bonus Points | D75: One can also earn points on the following areas: 1. Cost Saving: Any action or suggestion that leads to cost reduction (e.g., fixing pallets, finishing early). MAX +2. 2. Error Prevention: Detecting and correcting potential errors (e.g., identifying mixed pallets). MAX +2. 3. Core Value Demonstration: Exemplary display of Passion, Responsibility, Altruism, or Integrity (well documented). MAX +2.each category If an employee arrives to work on time and not leaves early, and never requested a leave, he/she can get 1 pt bonus. If an employee has no error in a month, he/she can get 1 pt bonus. | E75: 0

Sheet Ritzi Pacheco-scan
A1: Employee Name: | B1: Ritzi Pacheco
A2: Month | B2: ='Sub order-Isabella'!B$1 -> 9 | D2: SET MAX 100
P3: 200 pkgs/ hr
B4: Factor: | C4: 200 | P4: Entry-level: 200 Ctns/Hr Intermediate: 275 Ctns/Hr Expert: 325 Ctns/Hr
A5: Date | C5: Total Minutes Spent | D5: Score | E5: EXTRA POINT | F5: MISTAKE QTY | G5: % of Mistake | H5: Point Deduction | I5: NOTE | J5: TOTAL HOUR
A6: 46266 | B6: 894 | C6: =HOUR(J6)*60+MINUTE(J6) -> 229 | D6: =MIN(((B6/(C6/60))/$C$4)*50, 100) -> 58.558952 | F6: 6 | G6: =F6/B6 -> 0.0067114094 | H6: =IF(G6<=0.1%,0,-1) -> -1 | I6: Ritzi wrong 4, Ritzi wrong 2 | J6: 0.15929398
A7: 46267 | B7: 1056 | C7: =HOUR(J7)*60+MINUTE(J7) -> 344 | D7: =MIN(((B7/(C7/60))/$C$4)*50, 100) -> 46.046512 | F7: 3 | G7: =F7/B7 -> 0.0028409091 | H7: =IF(G7<=0.1%,0,-1) -> -1 | I7: Ritzy wrong 2 miss 1. | J7: 0.23951389
A8: 46268 | B8: 768 | C8: =HOUR(J8)*60+MINUTE(J8) -> 243 | D8: =MIN(((B8/(C8/60))/$C$4)*50, 100) -> 47.407407 | F8: 6 | G8: =F8/B8 -> 0.0078125 | H8: =IF(G8<=0.1%,0,-1) -> -1 | I8: Ritzy 4 wrong 2 miss | J8: 0.16893519
A9: 46269 | B9: 810 | C9: =HOUR(J9)*60+MINUTE(J9) -> 240 | D9: =MIN(((B9/(C9/60))/$C$4)*50, 100) -> 50.625 | J9: 0.16703704 | O9: =B9/(B9+B10) -> 0.49180328
A10: 46272 | B10: 837 | C10: =HOUR(J10)*60+MINUTE(J10) -> 253 | D10: =MIN(((B10/(C10/60))/$C$4)*50, 100) -> 49.624506 | F10: 4 | G10: =F10/B10 -> 0.0047789725 | H10: =IF(G10<=0.1%,0,-1) -> -1 | I10: Ritzy 4 extra label | J10: 0.1762037 | O10: =B10/(B9+B10) -> 0.50819672
A11: 46273 | B11: 797 | C11: =HOUR(J11)*60+MINUTE(J11) -> 205 | D11: =MIN(((B11/(C11/60))/$C$4)*50, 100) -> 58.317073 | F11: 1 | G11: =F11/B11 -> 0.0012547051 | H11: =IF(G11<=0.1%,0,-1) -> -1 | I11: Ritzi - 1 Missing - 2p Print label Ex | J11: 0.14280093 | O11: =B11/(B11+B13) -> 0.48597561
A12: 46273 | H12: -2 | I12: - 2p Print label Ex
A13: 46275 | B13: 843 | C13: =HOUR(J13)*60+MINUTE(J13) -> 213 | D13: =MIN(((B13/(C13/60))/$C$4)*50, 100) -> 59.366197 | F13: 1 | G13: =F13/B13 -> 0.0011862396 | H13: =IF(G13<=0.1%,0,-1) -> -1 | I13: Rizi miss 1(in the error sheet it was 9/9 but rizi was not having kpi on 9/9) after double checked rizi is not having kpi data on 9/9 | J13: 0.14819444 | K13: ritzi 9/9 没有上班 | O13: =B13/(B11+B13) -> 0.51402439
A14: 46276 | B14: 848 | C14: =HOUR(J14)*60+MINUTE(J14) -> 243 | D14: =MIN(((B14/(C14/60))/$C$4)*50, 100) -> 52.345679 | J14: 0.16918981
A15: 46278 | B15: 816 | C15: =HOUR(J15)*60+MINUTE(J15) -> 186 | D15: =MIN(((B15/(C15/60))/$C$4)*50, 100) -> 65.806452 | F15: 1 | G15: =F15/B15 -> 0.0012254902 | H15: =IF(G15<=0.1%,0,-1) -> -1 | I15: Ritzi - 1 Missing | J15: 0.12927083
A16: 46279 | B16: 903 | C16: =HOUR(J16)*60+MINUTE(J16) -> 244 | D16: =MIN(((B16/(C16/60))/$C$4)*50, 100) -> 55.512295 | F16: 1 | G16: =F16/B16 -> 0.0011074197 | H16: =IF(G16<=0.1%,0,-1) -> -1 | I16: Ritzi - 1 Missing | J16: 0.16962963
A17: 46280 | B17: 972 | C17: =HOUR(J17)*60+MINUTE(J17) -> 225 | D17: =MIN(((B17/(C17/60))/$C$4)*50, 100) -> 64.8 | F17: 1 | G17: =F17/B17 -> 0.0010288066 | H17: =IF(G17<=0.1%,0,-1) -> -1 | I17: Ritzi - 3 Missing - 6 Wrong | J17: 0.15667824 | O17: =B17/(B17+B18) -> 0.55574614
A18: 46281 | B18: 777 | C18: =HOUR(J18)*60+MINUTE(J18) -> 196 | D18: =MIN(((B18/(C18/60))/$C$4)*50, 100) -> 59.464286 | F18: 5 | G18: =F18/B18 -> 0.0064350064 | H18: =IF(G18<=0.1%,0,-1) -> -1 | I18: Ritzi 5 miss | J18: 0.13662037 | O18: =B18/(B17+B18) -> 0.44425386
A19: 46282 | B19: 974 | C19: =HOUR(J19)*60+MINUTE(J19) -> 274 | D19: =MIN(((B19/(C19/60))/$C$4)*50, 100) -> 53.321168 | J19: 0.19040509 | O19: =B19/(B19+B20) -> 0.46714628
A20: 46283 | B20: 1111 | C20: =HOUR(J20)*60+MINUTE(J20) -> 284 | D20: =MIN(((B20/(C20/60))/$C$4)*50, 100) -> 58.679577 | J20: 0.1974537 | O20: =B20/(B19+B20) -> 0.53285372
A21: 46286 | B21: 1051 | C21: =HOUR(J21)*60+MINUTE(J21) -> 236 | D21: =MIN(((B21/(C21/60))/$C$4)*50, 100) -> 66.800847 | I21: Ritzi 3 miss +Ritzi wrong 3 | J21: 0.16405093
C22: =HOUR(J22)*60+MINUTE(J22) -> 0
C23: =HOUR(J23)*60+MINUTE(J23) -> 0
C24: =HOUR(J24)*60+MINUTE(J24) -> 0
C25: =HOUR(J25)*60+MINUTE(J25) -> 0
C26: =HOUR(J26)*60+MINUTE(J26) -> 0
C27: =HOUR(J27)*60+MINUTE(J27) -> 0
C28: =HOUR(J28)*60+MINUTE(J28) -> 0
C29: =HOUR(J29)*60+MINUTE(J29) -> 0
C30: =HOUR(J30)*60+MINUTE(J30) -> 0
C31: =HOUR(J31)*60+MINUTE(J31) -> 0
C32: =HOUR(J32)*60+MINUTE(J32) -> 0
C33: =HOUR(J33)*60+MINUTE(J33) -> 0
... C38: =HOUR(J38)*60+MINUTE(J38) -> 0
B39: =SUM(B6:B38) -> 13457 | F39: =SUM(F4:F38) -> 29
A44: For warehouse > 100,000 sqt: Entry-level: 200 Ctns/Hr Intermediate: 290 Ctns/Hr Expert: 390 Ctns/Hr， | G44: For warehouse > 100,000 sqt: Entry-level: 200 Ctns/Hr Intermediate: 290 Ctns/Hr Expert: 390 Ctns/Hr，
A45: For warehouse <100,000 sqt: Entry-level: 300 Ctns/Hr Intermediate: 400 Ctns/Hr Expert: 580 Ctns/Hr， | G45: For warehouse <100,000 sqt: Entry-level: 300 Ctns/Hr Intermediate: 400 Ctns/Hr Expert: 580 Ctns/Hr，
B46: Remark:
B47: 1. All cell highlighted in Green needs to be filled in manually.
B48: 2. When extra point is given (caught others errors), put a "Y" in column E. and have to put down a note
B50: Scanner Responsibilities
B51: 1. When Scanning:
B52: a. Make sure the inbound labels match the SKU’s on the boxes (1 SKU per pallet)
B53: b. In order to avoid errors, scan the boxes one by one when pallet has mixed SKU’S
B54: c. Place labels on box making full contact to ensure they won’t come off later; this includes pressing down all four corners
B55: d. Make sure you scan accurately and do not over scan.
B56: e. Do not leave labels to the side or hide them or throw them away.
B57: 2. You must maintain the outbound area clean and neat. No labels on the floor.
B58: 3. Make sure to write your name, date, and start/finish time. Turn it into Outbound Teamlead.
... B61: 6. Power off your scanner gun and battery power supply and place battery on charger.
B67: No | C67: KPI CATEGORY | D67: MEASUREMENT | E67: PTS AVAIL
B68: 1 | C68: Scanning Efficiency Ratio | D68: Scanning Efficiency Ratio = Total Qty Scanned / Total Hour used. Bench mark is 260 Ctns / Hr. Points Received: Scanning Efficiency Ratio / 260 X 50 If picker is slower than scanner, then scanner must finish within 30 mins of when picker is completed. Note: For warehouse > 100,000 sqft: Entry-level: 200 Ctns/Hr Intermediate: 290 Ctns/Hr Expert: 390 Ctns/Hr For warehouse <100,000 sqft: Entry-level: 300 Ctns/Hr Intermediate: 400 Ctns/Hr Expert: 580 Ctns/Hr | E68: 50
B70: 2 | C70: Error Ratio | D70: Daily Error Ratio is more than 0.1%, Deduct 1 pt per day. This error is identified by Leads and/or checker when there is missing label, label placed on wrong box (swap label) No First Scan: <=0.01 deduct 0 point 0.011 - 0.02 deduct 2 points 0.021 - 0.05 deduct 4 points 0.051 - 0.1 dedcut 6 points >0.1 deduct deduct 10 points | E70: 20
B72: 3 | C72: Houskeeping | D72: 1. Battery and scan gun need to be charged daily. Deduct 1 pt for each day not charged. 2. Safeguard equipment if damaged, deduct 5 pts. Any asset lost or damaged that requires replace, will casue deduction as follow PDA -10pts walkie-talkie -2pts safety vest, cleanning tool -1pt 3. Weekly printer head cleaning. Deduct 1pt each week not cleaned. 4. Assigned work zones must remain clean, organized, and hazard-free. No excessive wraps, empty pallets, or random boxes. Violation: -1 point per day. 5. Attendance and Discipline • Timesheet Corrections: ≥4 corrections/month without valid reason → -1 point. • Tardiness: Any lateness (>1 min) → -1 point per instance. • No-show / No-call: Subject to termination. • Failure to Follow SOP or Supervisor Instruction: -1 point per incident. | E72: 10
B76: 4 | C76: Bonus Points | D76: One can also earn points on the following areas: 1. Cost Saving: Any action or suggestion that leads to cost reduction (e.g., fixing pallets, finishing early). MAX +2. 2. Error Prevention: Detecting and correcting potential errors (e.g., identifying mixed pallets). MAX +2. 3. Core Value Demonstration: Exemplary display of Passion, Responsibility, Altruism, or Integrity (well documented). MAX +2.each category If an employee arrives to work on time and not leaves early, and never requested a leave, he/she can get 1 pt bonus. If an employee has no error in a month, he/she can get 1 pt bonus. | E76: 0

Sheet scan time
A1: Work Date(day) | B1: Warehouse | C1: Scanner Name | D1: Work Time | E1: Scan Qty
A2: 46266 | B2: NJ7-Mansfield 5206 | C2: Amanda | D2: 0.0079976852 | E2: 33
A3: 46266 | B3: NJ7-Mansfield 5206 | C3: Arturo | D3: 0.21559028 | E3: 1589
A4: 46266 | B4: NJ7-Mansfield 5206 | C4: David Buelvas | D4: 0.13915509 | E4: 1533
A5: 46266 | B5: NJ7-Mansfield 5206 | C5: Jakiie | D5: 0.15177083 | E5: 1291
A6: 46266 | B6: NJ7-Mansfield 5206 | C6: Lili | D6: 0.0086805556 | E6: 30
A7: 46266 | B7: NJ7-Mansfield 5206 | C7: Lucia | D7: 0.17047454 | E7: 1661
A8: 46266 | B8: NJ7-Mansfield 5206 | C8: Mariela | D8: 0.18181713 | E8: 1358
A9: 46266 | B9: NJ7-Mansfield 5206 | C9: Melany | D9: 0.15581019 | E9: 1240
A10: 46266 | B10: NJ7-Mansfield 5206 | C10: Ritzi | D10: 0.15929398 | E10: 894
A11: 46267 | B11: NJ7-Mansfield 5206 | C11: Amanda | D11: 4.6296296e-05 | E11: 2
A12: 46267 | B12: NJ7-Mansfield 5206 | C12: Arturo | D12: 0.20755787 | E12: 1619
A13: 46267 | B13: NJ7-Mansfield 5206 | C13: David Buelvas | D13: 0.18704861 | E13: 1934
... A221: 46295 | B221: NJ7-Mansfield 5206 | C221: Merkin | D221: 0.18046296 | E221: 648

Sheet Params
A1: Speed base 速度基准分 | B1: 55 | D1: Picking Benchmark | G1: Anchor: benchmark+clean=85 | Quality 20 = Pick/Putaway ONLY, minute-weighted (tol 0.15%; step: P1-1 -1/+0.1%, others -1/+0.05%). Other-task errors (Sub Order/Trailer Pusher/Moving/Inventory/Other-Task) deduct Q point-for-point, no weighting; Housekeeping*/SOP/Not Follow Instruction deduct HK 10. No pick/putaway data => N=55, Q=20, cannot pass 90-gate | 90-GATE: P1-1 err<=0.5%, P1-2 err<=0.3% (single putaway slip exempt), else Final capped 89.9 even with Bonus | <50 tracked hrs => N cap 60
A2: Slope 斜率 | B2: 0.3 | D2: P1-1 | E2: 70
A3: Error tolerance 容忍线 | B3: 0.0015 | D3: P1-2 | E3: 95
A4: Error step 步长 P1-2及以上 (每超此幅度扣1分) | B4: 0.0005 | D4: P1-3 | E4: 120
A5: Housekeeping | B5: 10 | D5: P2-1 | E5: 144
A6: Min work days 最低工作日 | B6: 10 | D6: P2-2 | E6: 149
A7: Equipment factor (Reach/OP/Swing) | B7: 1.2
A8: SiteFactor | B8: 1.1 | D8: Putaway Benchmark
A9: SpeedCap | B9: 300 | D9: P1-1 | E9: 30
A10: (reserved) | D10: P1-2 | E10: 33
A11: Inv-Qualified | B11: 55 | D11: P1-3 | E11: 36
A12: Inv-Good | B12: 60 | D12: P2-1 | E12: 41
A13: Inv-Excellent | B13: 65 | D13: P2-2 | E13: 44
A14: 90-Gate P1-1 pick err% 90分门槛 | B14: 0.005
A15: Occupancy 占用率 (auto) | B15: 0.9 | C15: (need to change monthly
A16: SKU/SFT (monthly 七月更新) | B16: 115.64
A17: Actual Factor (七月必填!) | B17: 13.59
A18: Exp. Factor | B18: 24.9
A19: Adjust. Exp. Factor (auto) | B19: =B18/(IF(B16<80,0.95,IF(B16<=100,1,IF(B16<=120,1.1,IF(B16<=130,1.2,IF(B16<=140,1.265,1.518)))))) -> 22.636364
A21: Min tracked hours 速度分全额门槛(小时) | B21: 50
A22: Speed cap 门槛以下N上限 | B22: 60
A23: 90-Gate P1-2 pick err% 90分门槛 | B23: 0.003
A24: Error step P1-1 新人步长 | B24: 0.001
A25: Putaway allowance 上架每N个SKU容1错 | B25: 200
A26: 0
A27: 1. 锚点: 达到本级速度基准+零错误 = 85分 (55+20+10)
A28: 2. 拣货错误率: 容忍线0.15%全员; 步长: P1-1每超0.1%扣1分, P1-2及以上每超0.05%扣1分
A29: 3. 上架: 错1个SKU扣1分, 每200个SKU容错1个 | 其他任务错误(Sub Order/Trailer Push/Moving/Inventory/Other)按档扣, 直接扣质量20分, 扣完为止
A30: 4. Sub Order档次: <=2托返工-1 | 3-5托-2 | 5-10托-5 | >10托-10 (Other-Task同档)
A31: 5. Housekeeping各类 + Not Following SOP/Instruction 扣HK10分, 扣完为止
A32: 6. 90分门槛: 须有拣货错误率数据; P1-1<=0.5%, P1-2<=0.3%; 不达标总分封顶89.9, Bonus不能突破; P1-3+无门槛
A33: 7. 可测工时(拣货+上架+盘点)不足50小时: 速度分N封顶60
A34: 8. 当月有效工作日<10天: 只记录, 不打分
A35: 9. 总分 = 效率N + 质量Q + HK + Bonus, 封顶100

Sheet Error-OtherTasks
A1: Date | B1: Name | C1: Task | D1: 0 | E1: Comment 具体描述 | F1: Leader 记录人 | I1: 不能删除 | K1: copy the name | M1: error and bonus list | N1: https://onedrive.live.com/personal/21f1717b0dd121e7/_layouts/15/Doc.aspx?sourcedoc=%7B3226D768-6AA4-4548-A366-6D4D124681E8%7D&file=NJ7%20error%20%26%20bonus%20list%20sep%202026.xlsx&action=default&mobileredirect=true
A2: 46266 | B2: Juan Sanchez | C2: Housekeeping-Assets | D2: 5 | E2: -5 Juan Sánchez, damaged the property. | F2: Ismael | I2: Sub Order-Minor(<=2plt,-1) | K2: Fabian
A3: 46266 | B3: Jefferson Castillo | C3: Housekeeping-Assets | D3: 5 | E3: -5 to Jefferson damaged the boxes | F3: Ismael | I3: Sub Order-Med(3-5plt,-2) | K3: Joel
A4: 46267 | B4: TIX | C4: Housekeeping-Cleanliness | D4: 1 | E4: -1 to Juan Zunija Tix leaving boxes on floor when picking. | F4: Ismael | I4: Sub Order-Major(5-10plt,-5) | K4: Steven
I5: Sub Order-Severe(>10plt,-10) | K5: Cesar
A6: 46268 | B6: Steven | C6: Not Following SOP/Instruction | D6: 1 | E6: -1 to Steven no answer the radio | F6: Ismael | I6: Trailer Push/Loading Error | K6: Eduardo
A7: 46268 | B7: Fabian | C7: Housekeeping-Assets | D7: 5 | E7: -5 to Fabian damage the big scale, connect to wrong charge | F7: Ismael | I7: Moving | K7: Franklin
A8: 46268 | B8: Joel | C8: Housekeeping-Assets | D8: 1 | E8: -1 to Joel take charge for scale outside from office | F8: Ismael | I8: Inventory | K8: Juan
A9: 46273 | B9: Juan Sanchez | C9: Housekeeping-Safety | D9: 2 | E9: -2 Juan Sánchez, using phone on the forklift, while the other driver goes through the checklist alone | F9: Ismael | I9: Other-Task-Minor(-1) | K9: Juan Chach Gomez
A10: 46274 | B10: Cesar | C10: Not Following SOP/Instruction | D10: 3 | E10: Cesar deduct point change gas but never inform when he back -3 pts | F10: Amanda | I10: Other-Task-Med(-2) | K10: Luis
A11: 46275 | B11: Cesar | C11: Not Following SOP/Instruction | D11: 1 | E11: Not put pallet good in line. -1 points to Cesar no team work now, rude | F11: lili | I11: Other-Task-Major(-5) | K11: Lucas
A12: 46280 | B12: David Buelvas | C12: Not Following SOP/Instruction | D12: 1 | E12: -1 to David scanner not follow instructions, take Juan Lopez forklift to pick up | F12: Ismael | I12: Other-Task-Severe(-10) | K12: Denis
A13: 46280 | B13: Luis | C13: Housekeeping-Assets | D13: 1 | E13: -1 to Luis not connect the OP to charge after use it and put in wrong spot | F13: Ismael | I13: Housekeeping-Safety | K13: Zunija
A14: 46280 | B14: David Buelvas | C14: Not Following SOP/Instruction | D14: 1 | E14: I tell David use forklift 28, but he takes Juan Lopez in the morning and now he is driving Juan Chach, not follow instructions -1 | F14: Ismael | I14: Housekeeping-Maintenance | K14: Ivan
A15: 46280 | B15: Fabian | C15: Not Following SOP/Instruction | D15: 1 | E15: -1 to Fabian not answer the radio | F15: Ismael | I15: Housekeeping-Cleanliness | K15: Herman
A16: 46281 | B16: Santiago | C16: Housekeeping-Assets | D16: 10 | E16: Santiago-10 hit rack | F16: Amanda | I16: Housekeeping-Attendance | K16: JOSUE ABREGO
A17: 46281 | B17: Steven | C17: Not Following SOP/Instruction | D17: 1 | E17: -1 to Steven not answer the radio | F17: Ismael | G17: 0 | I17: Housekeeping-Assets | K17: Juan Sanchez
A18: 46281 | B18: Luis | C18: Not Following SOP/Instruction | D18: 1 | E18: -1 to Luis not answer the radio | F18: Ismael | I18: Not Following SOP/Instruction | K18: Miguel
A19: 46282 | B19: Reinaldo | C19: Not Following SOP/Instruction | D19: 1 | E19: -1 to Rey not answer the radio | F19: Ismael | K19: Ramiro
A20: 46282 | B20: Santiago | C20: Sub Order-Minor(<=2plt,-1) | D20: 1 | E20: SANTIAGO -1 SUB ORDER PICK 1 EXTRA ZY-WY-KLGJ-260917-000002 | F20: Isabella | K20: Jefferson Castillo
A21: 46282 | B21: Santiago | C21: Sub Order-Minor(<=2plt,-1) | D21: 1 | E21: Santiago picked 6 boxes extra sub order ： ZY- Mmt-260917-000005 | F21: Isabella | K21: Reinaldo
A22: 46281 | B22: Bryan castillejo | C22: Sub Order-Minor(<=2plt,-1) | D22: 1 | E22: Bryan suborder RR30 picked extra 1 | F22: yujie | K22: Emerson
A23: 46289 | B23: Herman | C23: Not Following SOP/Instruction | D23: 1 | E23: -1 to Herman not answer the radio | F23: Ismael | K23: Andres
A24: 46288 | B24: Cesar | C24: Not Following SOP/Instruction | D24: 1 | E24: Cesar -1 point wrong cone color | F24: bolun | K24: Manuel
A25: 46289 | B25: Jefferson Castillo | C25: Not Following SOP/Instruction | D25: 1 | E25: lefferson push pallet to wrong line, special order VC regular many times | F25: lili | K25: Santiago
A26: 46290 | B26: Denis | C26: Not Following SOP/Instruction | D26: 1 | E26: Denis wrong cone color | F26: bolun | K26: Pablo
A27: 46292 | B27: Santiago | C27: Not Following SOP/Instruction | D27: 1 | E27: Santiago put UPS pallet to FedEx area | F27: bolun | K27: Sam
A28: 46292 | B28: Oscar Cuevas | C28: Not Following SOP/Instruction | D28: 1 | E28: Oscarnj7 no pallet cone | F28: Franklin | K28: TIX
A29: 46289 | B29: Ramiro | C29: Trailer Push/Loading Error | D29: 1 | E29: Ramiro -1 points loaded 5 FedEx palets in ups area | F29: Franklin | K29: Carlos
A30: 46293 | B30: Ramiro | C30: Not Following SOP/Instruction | D30: 1 | E30: Deduct 1 point to Ramiro SOP Violation: no pallet cone | F30: Franklin | K30: Emanuelnj7
... A34: 46294 | B34: Joel | C34: Not Following SOP/Instruction | D34: 1 | E34: -1 to Fabian and Joel not answer the radio | F34: Ismael | K34: Gonzaleznj7
A35: 46292 | B35: Fabian | C35: Housekeeping-Attendance | D35: 1 | E35: fabian 9/27 late | K35: Raul
A36: 46268 | B36: Franklin | C36: Housekeeping-Attendance | D36: 1 | E36: Franklin 9/3 late
A37: 46293 | B37: Franklin | C37: Housekeeping-Attendance | D37: 1 | E37: Franklin 9/28 late
A38: 46267 | B38: Steven | C38: Housekeeping-Attendance | D38: 1 | E38: Steven 9/2 late
A39: 46278 | B39: Steven | C39: Housekeeping-Attendance | D39: 1 | E39: Steven 9/13 late
A40: 46285 | B40: Luis | C40: Housekeeping-Attendance | D40: 1 | E40: Luis 9/20 late
A41: 46269 | B41: Denis | C41: Housekeeping-Attendance | D41: 1 | E41: dennis 9/4 late
A42: 46290 | B42: Ivan | C42: Housekeeping-Attendance | D42: 1 | E42: Ivan 9/25 late
A43: 46273 | B43: Santiago | C43: Housekeeping-Attendance | D43: 1 | E43: Santiago 9/8 late
A44: 46275 | B44: Andres | C44: Housekeeping-Attendance | D44: 1 | E44: Andres 9/10 late
A45: 46274 | B45: Sam | C45: Housekeeping-Attendance | D45: 1 | E45: Sam 9/9 late
A46: 46273 | B46: TIX | C46: Housekeeping-Attendance | D46: 1 | E46: Tix 9/8 late
A47: 46275 | B47: TIX | C47: Housekeeping-Attendance | D47: 1 | E47: Tix 9/10 late
... A51: 46267 | B51: Glasmary (GL) | C51: Housekeeping-Attendance | D51: 1 | E51: Glasmary late

Sheet Bonus
A1: Date | B1: Name | C1: Category | D1: Points | E1: Comment | I1: copy the name
A2: 46267 | B2: Denis | C2: Error Prevention | D2: 1 | E2: +1 Denis found mix sku | F2: Ismael | I2: Fabian
A3: 46269 | B3: Juan Sanchez | C3: Error Prevention | D3: 1 | E3: 9/4 (+1) Juan Sanchez found freeze sku -6 boxes | I3: Joel
A4: 46278 | B4: Fabian | C4: Error Prevention | D4: 1 | E4: +1 to Fabian found mix sku CONT: HLBU2067728 SKU:TB-XY-5HTBSF-DB-251025-S | F4: Ismael | I4: Steven
A5: 46282 | B5: Fabian | C5: Other | D5: 1 | E5: Fabián found two lost boxes SKU: WT-SG001-BR-X-1-S-A1 | F5: Franklin | I5: Cesar
A6: 46293 | B6: Juan | C6: Error Prevention | D6: 1 | E6: （+1 Juan López Container: SELU4273339, SKU: JPSY03VA25B0254 found wrong pallet label | F6: Ismael | I6: Eduardo
A7: sep | B7: JOSUE ABREGO | C7: Full Attendance | D7: 1 | E7: Jouse Sep Full Attendance | I7: Franklin
A8: sep | B8: Pablo | C8: Full Attendance | D8: 1 | E8: Pablo Sep Full Attendance | I8: Juan
A9: Sep | B9: Alex Mabel (GL) | C9: Full Attendance | D9: 1 | E9: Alex Sep Full Attendance | I9: Juan Chach Gomez
B10: Steven | C10: Zero Error Month | D10: 1 | I10: Luis
I11: Lucas
I12: Denis
I13: Zunija
I14: Ivan
I15: Herman
I16: JOSUE ABREGO
I17: Juan Sanchez
I18: Miguel
I19: Ramiro
I20: Jefferson Castillo
I21: Reinaldo
I22: Emerson
... I35: Raul

Sheet Summary
A1: Warehouse | B1: NJ7
A2: Month | B2: 46266
A3: Occupancy | B3: =Params!B15 -> 0.9 | C3: Occ Factor | D3: =IF(Params!B15<0.8,1,IF(Params!B15<0.9,1.03,IF(Params!B15<1,1.06,IF(Params!B15<1.1,1.1,IF(Params!B15<1.2,1.13,IF(Params!B15<1.3,1.16,1.2)))))) -> 1.06 | F3: Quality 20 = time-weighted Picking/Putaway/Other blocks
A5: 90分规则 90-CLUB RULE: 须有拣货/上架错误率数据，P1-1 ≤0.5% | P1-2 ≤0.3% (上架单个失误豁免)，不达标者总分上限89.9，Bonus不能突破 | P1-3+无门槛 | 质量分=拣货上架加权分−其他任务错误(一分扣一分)；Housekeeping/SOP/不听指令扣HK
A7: Name | B7: Level | C7: Role | D7: Inv Rating | E7: Inv Min | F7: Total Min | G7: Pick Min | H7: Putaway Min | I7: Tracked Hrs | J7: Pick Speed | K7: Putaway Speed | L7: Work Days | M7: Cartons | N7: Pick Errors | O7: Putaway SKU | P7: Putaway Errors | Q7: Pick Err % | R7: Pick Score /20 | S7: Putaway Err % | T7: Putaway Deduct 免扣后 | U7: Other Task Err (扣Q) | V7: Quality Q /20 | W7: Pick Eff | X7: Putaway Eff | Y7: Inv Score | Z7: Efficiency N | AA7: HK Deduct | AB7: HK Score /10 | AC7: Bonus | AD7: Final Score | AE7: Tier | AF7: hour
A8: Fabian | B8: P2-2 | C8: Regular | F8: =AF8*60 -> 0 | G8: ='Picking - Fabian'!B$5 -> 2678 | H8: ='Putaway - Fabian'!B$5 -> 2887 | I8: =(G8+H8+IF(C8="Inventory",N(E8),0))/60 -> 92.75 | J8: ='Picking - Fabian'!C$5 -> 152.30276 | K8: ='Putaway - Fabian'!C$5 -> 36.03 | L8: ='Picking - Fabian'!F$5+'Putaway - Fabian'!F$5 -> 23 | M8: ='Picking - Fabian'!D$5 -> 6822 | N8: ='Picking - Fabian'!E$5 -> 20 | O8: ='Putaway - Fabian'!E$5 -> 316 | P8: ='Putaway - Fabian'!D$5 -> 0 | Q8: =IF(M8=0,"",N8/M8) -> 0.0029316916 | R8: =IF(Q8="","",MAX(0,20-MAX(0,(Q8-Params!$B$3)/IF(B8="P1-1",Params!$B$24,Params!$B$4)))) -> 17.136617 | S8: =IF(O8=0,"",P8/O8) -> 0 | T8: =IF(N(O8)=0,N(P8),MAX(0,N(P8)-ROUNDDOWN(O8/Params!$B$25,0))) -> 0 | U8: =SUMIFS('Error-OtherTasks'!D:D,'Error-OtherTasks'!B:B,A8,'Error-OtherTasks'!C:C,"Sub Order*")+SUMIFS('Error-OtherTasks'!D:D,'Error-OtherTasks'!B:B,A8,'Error-OtherTasks'!C:C,"Trailer Push*")+SUMIFS('Error-OtherTasks'!D:D,'Error-OtherTasks'!B:B,A8,'Error-OtherTasks'!C:C,"Moving")+SUMIFS('Error-OtherTasks'!D:D,'Error-OtherTasks'!B:B,A8,'Error-OtherTasks'!C:C,"Inventory")+SUMIFS('Error-OtherTasks'!D:D,'Error-OtherTasks'!B:B,A8,'Error-OtherTasks'!C:C,"Other-Task*") -> 0 | V8: =MAX(0,IF(R8="",20,R8)-N(T8)-N(U8)) -> 17.136617 | W8: =IF(G8=0,"",Params!$B$1+Params!$B$2*(J8*$D$3-VLOOKUP(B8,Params!$D$2:$E$6,2,0))) -> 58.732279 | X8: =IF(H8=0,"",Params!$B$1+Params!$B$2*(K8*$D$3-VLOOKUP(B8,Params!$D$9:$E$13,2,0))) -> 53.25754 | Y8: =IF(C8="Inventory",IF(D8="Excellent",Params!$B$13,IF(D8="Good",Params!$B$12,Params!$B$11)),0) -> 0 | Z8: =IF(G8+H8+IF(C8="Inventory",N(E8),0)=0,Params!$B$1,IF(I8<Params!$B$21,MIN(Params!$B$22,(IF(G8=0,0,W8*G8)+IF(H8=0,0,X8*H8)+IF(C8="Inventory",Y8*N(E8),0))/(G8+H8+IF(C8="Inventory",N(E8),0))),(IF(G8=0,0,W8*G8)+IF(H8=0,0,X8*H8)+IF(C8="Inventory",Y8*N(E8),0))/(G8+H8+IF(C8="Inventory",N(E8),0)))) -> 55.892104 | AA8: =SUMIFS('Error-OtherTasks'!D:D,'Error-OtherTasks'!B:B,A8,'Error-OtherTasks'!C:C,"Housekeeping*")+SUMIFS('Error-OtherTasks'!D:D,'Error-OtherTasks'!B:B,A8,'Error-OtherTasks'!C:C,"Not Following SOP*") -> 8 | AB8: =MAX(0,Params!$B$5-AA8) -> 2 | AC8: =SUMIFS(Bonus!D:D,Bonus!B:B,A8) -> 2 | AD8: =IF(L8<Params!$B$6,"Record",IF(Z8="","",IF(AND(OR(B8="P1-1",B8="P1-2"),MIN(100,Z8+V8+AB8+AC8)>=90,NOT(AND(Q8<>"",Q8<=IF(B8="P1-1",Params!$B$14,Params!$B$23)))),89.9,MIN(100,Z8+V8+AB8+AC8)))) -> 77.028721 | AE8: =IF(ISNUMBER(AD8),IF(AD8>=90,"≥90",IF(AD8>=80,"80-90","<80")),"—") -> <80
A9: Joel | B9: P2-1 | C9: Regular | F9: =AF9*60 -> 0 | G9: ='Picking - Joel'!B5 -> 3801 | H9: ='Putaway - Joel'!B5 -> 1790 | I9: =(G9+H9+IF(C9="Inventory",N(E9),0))/60 -> 93.183333 | J9: ='Picking - Joel'!C5 -> 136.02668 | K9: ='Putaway - Joel'!C5 -> 52.48 | L9: ='Picking - Joel'!F5+'Putaway - Joel'!F5 -> 24 | M9: ='Picking - Joel'!D5 -> 8329 | N9: ='Picking - Joel'!E5 -> 33 | O9: ='Putaway - Joel'!E5 -> 267 | P9: ='Putaway - Joel'!D5 -> 2 | Q9: =IF(M9=0,"",N9/M9) -> 0.0039620603 | R9: =IF(Q9="","",MAX(0,20-MAX(0,(Q9-Params!$B$3)/IF(B9="P1-1",Params!$B$24,Params!$B$4)))) -> 15.075879 | S9: =IF(O9=0,"",P9/O9) -> 0.0074906367 | T9: =IF(N(O9)=0,N(P9),MAX(0,N(P9)-ROUNDDOWN(O9/Params!$B$25,0))) -> 1 | U9: =SUMIFS('Error-OtherTasks'!D:D,'Error-OtherTasks'!B:B,A9,'Error-OtherTasks'!C:C,"Sub Order*")+SUMIFS('Error-OtherTasks'!D:D,'Error-OtherTasks'!B:B,A9,'Error-OtherTasks'!C:C,"Trailer Push*")+SUMIFS('Error-OtherTasks'!D:D,'Error-OtherTasks'!B:B,A9,'Error-OtherTasks'!C:C,"Moving")+SUMIFS('Error-OtherTasks'!D:D,'Error-OtherTasks'!B:B,A9,'Error-OtherTasks'!C:C,"Inventory")+SUMIFS('Error-OtherTasks'!D:D,'Error-OtherTasks'!B:B,A9,'Error-OtherTasks'!C:C,"Other-Task*") -> 0 | V9: =MAX(0,IF(R9="",20,R9)-N(T9)-N(U9)) -> 14.075879 | W9: =IF(G9=0,"",Params!$B$1+Params!$B$2*(J9*$D$3-VLOOKUP(B9,Params!$D$2:$E$6,2,0))) -> 55.056483 | X9: =IF(H9=0,"",Params!$B$1+Params!$B$2*(K9*$D$3-VLOOKUP(B9,Params!$D$9:$E$13,2,0))) -> 59.38864 | Y9: =IF(C9="Inventory",IF(D9="Excellent",Params!$B$13,IF(D9="Good",Params!$B$12,Params!$B$11)),0) -> 0 | Z9: =IF(G9+H9+IF(C9="Inventory",N(E9),0)=0,Params!$B$1,IF(I9<Params!$B$21,MIN(Params!$B$22,(IF(G9=0,0,W9*G9)+IF(H9=0,0,X9*H9)+IF(C9="Inventory",Y9*N(E9),0))/(G9+H9+IF(C9="Inventory",N(E9),0))),(IF(G9=0,0,W9*G9)+IF(H9=0,0,X9*H9)+IF(C9="Inventory",Y9*N(E9),0))/(G9+H9+IF(C9="Inventory",N(E9),0)))) -> 56.443455 | AA9: =SUMIFS('Error-OtherTasks'!D:D,'Error-OtherTasks'!B:B,A9,'Error-OtherTasks'!C:C,"Housekeeping*")+SUMIFS('Error-OtherTasks'!D:D,'Error-OtherTasks'!B:B,A9,'Error-OtherTasks'!C:C,"Not Following SOP*") -> 2 | AB9: =MAX(0,Params!$B$5-AA9) -> 8 | AC9: =SUMIFS(Bonus!D:D,Bonus!B:B,A9) -> 0 | AD9: =IF(L9<Params!$B$6,"Record",IF(Z9="","",IF(AND(OR(B9="P1-1",B9="P1-2"),MIN(100,Z9+V9+AB9+AC9)>=90,NOT(AND(Q9<>"",Q9<=IF(B9="P1-1",Params!$B$14,Params!$B$23)))),89.9,MIN(100,Z9+V9+AB9+AC9)))) -> 78.519335 | AE9: =IF(ISNUMBER(AD9),IF(AD9>=90,"≥90",IF(AD9>=80,"80-90","<80")),"—") -> <80
A10: Steven | B10: P2-1 | C10: Regular | F10: =AF10*60 -> 0 | G10: ='Picking - Steven'!B5 -> 5376 | H10: ='Putaway - Steven'!B5 -> 1928 | I10: =(G10+H10+IF(C10="Inventory",N(E10),0))/60 -> 121.73333 | J10: ='Picking - Steven'!C5 -> 129.07795 | K10: ='Putaway - Steven'!C5 -> 39.55 | L10: ='Picking - Steven'!F5+'Putaway - Steven'!F5 -> 25 | M10: ='Picking - Steven'!D5 -> 6756 | N10: ='Picking - Steven'!E5 -> 1 | O10: ='Putaway - Steven'!E5 -> 265 | P10: ='Putaway - Steven'!D5 -> 1 | Q10: =IF(M10=0,"",N10/M10) -> 0.00014801658 | R10: =IF(Q10="","",MAX(0,20-MAX(0,(Q10-Params!$B$3)/IF(B10="P1-1",Params!$B$24,Params!$B$4)))) -> 20 | S10: =IF(O10=0,"",P10/O10) -> 0.0037735849 | T10: =IF(N(O10)=0,N(P10),MAX(0,N(P10)-ROUNDDOWN(O10/Params!$B$25,0))) -> 0 | U10: =SUMIFS('Error-OtherTasks'!D:D,'Error-OtherTasks'!B:B,A10,'Error-OtherTasks'!C:C,"Sub Order*")+SUMIFS('Error-OtherTasks'!D:D,'Error-OtherTasks'!B:B,A10,'Error-OtherTasks'!C:C,"Trailer Push*")+SUMIFS('Error-OtherTasks'!D:D,'Error-OtherTasks'!B:B,A10,'Error-OtherTasks'!C:C,"Moving")+SUMIFS('Error-OtherTasks'!D:D,'Error-OtherTasks'!B:B,A10,'Error-OtherTasks'!C:C,"Inventory")+SUMIFS('Error-OtherTasks'!D:D,'Error-OtherTasks'!B:B,A10,'Error-OtherTasks'!C:C,"Other-Task*") -> 0 | V10: =MAX(0,IF(R10="",20,R10)-N(T10)-N(U10)) -> 20 | W10: =IF(G10=0,"",Params!$B$1+Params!$B$2*(J10*$D$3-VLOOKUP(B10,Params!$D$2:$E$6,2,0))) -> 52.846789 | X10: =IF(H10=0,"",Params!$B$1+Params!$B$2*(K10*$D$3-VLOOKUP(B10,Params!$D$9:$E$13,2,0))) -> 55.2769 | Y10: =IF(C10="Inventory",IF(D10="Excellent",Params!$B$13,IF(D10="Good",Params!$B$12,Params!$B$11)),0) -> 0 | Z10: =IF(G10+H10+IF(C10="Inventory",N(E10),0)=0,Params!$B$1,IF(I10<Params!$B$21,MIN(Params!$B$22,(IF(G10=0,0,W10*G10)+IF(H10=0,0,X10*H10)+IF(C10="Inventory",Y10*N(E10),0))/(G10+H10+IF(C10="Inventory",N(E10),0))),(IF(G10=0,0,W10*G10)+IF(H10=0,0,X10*H10)+IF(C10="Inventory",Y10*N(E10),0))/(G10+H10+IF(C10="Inventory",N(E10),0)))) -> 53.488253 | AA10: =SUMIFS('Error-OtherTasks'!D:D,'Error-OtherTasks'!B:B,A10,'Error-OtherTasks'!C:C,"Housekeeping*")+SUMIFS('Error-OtherTasks'!D:D,'Error-OtherTasks'!B:B,A10,'Error-OtherTasks'!C:C,"Not Following SOP*") -> 4 | AB10: =MAX(0,Params!$B$5-AA10) -> 6 | AC10: =SUMIFS(Bonus!D:D,Bonus!B:B,A10) -> 1 | AD10: =IF(L10<Params!$B$6,"Record",IF(Z10="","",IF(AND(OR(B10="P1-1",B10="P1-2"),MIN(100,Z10+V10+AB10+AC10)>=90,NOT(AND(Q10<>"",Q10<=IF(B10="P1-1",Params!$B$14,Params!$B$23)))),89.9,MIN(100,Z10+V10+AB10+AC10)))) -> 80.488253 | AE10: =IF(ISNUMBER(AD10),IF(AD10>=90,"≥90",IF(AD10>=80,"80-90","<80")),"—") -> 80-90
A11: Cesar | B11: P1-3 | C11: Regular | F11: =AF11*60 -> 0 | G11: ='Picking - Cesar'!B5 -> 3895 | H11: ='Putaway - Cesar'!B5 -> 1032 | I11: =(G11+H11+IF(C11="Inventory",N(E11),0))/60 -> 82.116667 | J11: ='Picking - Cesar'!C5 -> 136.9001 | K11: ='Putaway - Cesar'!C5 -> 43.87 | L11: ='Picking - Cesar'!F5+'Putaway - Cesar'!F5 -> 25 | M11: ='Picking - Cesar'!D5 -> 8246 | N11: ='Picking - Cesar'!E5 -> 23 | O11: ='Putaway - Cesar'!E5 -> 102 | P11: ='Putaway - Cesar'!D5 -> 0 | Q11: =IF(M11=0,"",N11/M11) -> 0.0027892311 | R11: =IF(Q11="","",MAX(0,20-MAX(0,(Q11-Params!$B$3)/IF(B11="P1-1",Params!$B$24,Params!$B$4)))) -> 17.421538 | S11: =IF(O11=0,"",P11/O11) -> 0 | T11: =IF(N(O11)=0,N(P11),MAX(0,N(P11)-ROUNDDOWN(O11/Params!$B$25,0))) -> 0 | U11: =SUMIFS('Error-OtherTasks'!D:D,'Error-OtherTasks'!B:B,A11,'Error-OtherTasks'!C:C,"Sub Order*")+SUMIFS('Error-OtherTasks'!D:D,'Error-OtherTasks'!B:B,A11,'Error-OtherTasks'!C:C,"Trailer Push*")+SUMIFS('Error-OtherTasks'!D:D,'Error-OtherTasks'!B:B,A11,'Error-OtherTasks'!C:C,"Moving")+SUMIFS('Error-OtherTasks'!D:D,'Error-OtherTasks'!B:B,A11,'Error-OtherTasks'!C:C,"Inventory")+SUMIFS('Error-OtherTasks'!D:D,'Error-OtherTasks'!B:B,A11,'Error-OtherTasks'!C:C,"Other-Task*") -> 0 | V11: =MAX(0,IF(R11="",20,R11)-N(T11)-N(U11)) -> 17.421538 | W11: =IF(G11=0,"",Params!$B$1+Params!$B$2*(J11*$D$3-VLOOKUP(B11,Params!$D$2:$E$6,2,0))) -> 62.534231 | X11: =IF(H11=0,"",Params!$B$1+Params!$B$2*(K11*$D$3-VLOOKUP(B11,Params!$D$9:$E$13,2,0))) -> 58.15066 | Y11: =IF(C11="Inventory",IF(D11="Excellent",Params!$B$13,IF(D11="Good",Params!$B$12,Params!$B$11)),0) -> 0 | Z11: =IF(G11+H11+IF(C11="Inventory",N(E11),0)=0,Params!$B$1,IF(I11<Params!$B$21,MIN(Params!$B$22,(IF(G11=0,0,W11*G11)+IF(H11=0,0,X11*H11)+IF(C11="Inventory",Y11*N(E11),0))/(G11+H11+IF(C11="Inventory",N(E11),0))),(IF(G11=0,0,W11*G11)+IF(H11=0,0,X11*H11)+IF(C11="Inventory",Y11*N(E11),0))/(G11+H11+IF(C11="Inventory",N(E11),0)))) -> 61.616057 | AA11: =SUMIFS('Error-OtherTasks'!D:D,'Error-OtherTasks'!B:B,A11,'Error-OtherTasks'!C:C,"Housekeeping*")+SUMIFS('Error-OtherTasks'!D:D,'Error-OtherTasks'!B:B,A11,'Error-OtherTasks'!C:C,"Not Following SOP*") -> 5 | AB11: =MAX(0,Params!$B$5-AA11) -> 5 | AC11: =SUMIFS(Bonus!D:D,Bonus!B:B,A11) -> 0 | AD11: =IF(L11<Params!$B$6,"Record",IF(Z11="","",IF(AND(OR(B11="P1-1",B11="P1-2"),MIN(100,Z11+V11+AB11+AC11)>=90,NOT(AND(Q11<>"",Q11<=IF(B11="P1-1",Params!$B$14,Params!$B$23)))),89.9,MIN(100,Z11+V11+AB11+AC11)))) -> 84.037594 | AE11: =IF(ISNUMBER(AD11),IF(AD11>=90,"≥90",IF(AD11>=80,"80-90","<80")),"—") -> 80-90
A12: Eduardo | B12: P1-3 | C12: Regular | D12: Qualified | F12: =AF12*60 -> 0 | G12: ='Picking - Eduardo'!B5 -> 4339 | H12: ='Putaway - Eduardo'!B5 -> 20 | I12: =(G12+H12+IF(C12="Inventory",N(E12),0))/60 -> 72.65 | J12: ='Picking - Eduardo'!C5 -> 86.211819 | K12: ='Putaway - Eduardo'!C5 -> 89.1 | L12: ='Picking - Eduardo'!F5+'Putaway - Eduardo'!F5 -> 23 | M12: ='Picking - Eduardo'!D5 -> 6899 | N12: ='Picking - Eduardo'!E5 -> 34 | O12: ='Putaway - Eduardo'!E5 -> 4 | P12: ='Putaway - Eduardo'!D5 -> 0 | Q12: =IF(M12=0,"",N12/M12) -> 0.0049282505 | R12: =IF(Q12="","",MAX(0,20-MAX(0,(Q12-Params!$B$3)/IF(B12="P1-1",Params!$B$24,Params!$B$4)))) -> 13.143499 | S12: =IF(O12=0,"",P12/O12) -> 0 | T12: =IF(N(O12)=0,N(P12),MAX(0,N(P12)-ROUNDDOWN(O12/Params!$B$25,0))) -> 0 | U12: =SUMIFS('Error-OtherTasks'!D:D,'Error-OtherTasks'!B:B,A12,'Error-OtherTasks'!C:C,"Sub Order*")+SUMIFS('Error-OtherTasks'!D:D,'Error-OtherTasks'!B:B,A12,'Error-OtherTasks'!C:C,"Trailer Push*")+SUMIFS('Error-OtherTasks'!D:D,'Error-OtherTasks'!B:B,A12,'Error-OtherTasks'!C:C,"Moving")+SUMIFS('Error-OtherTasks'!D:D,'Error-OtherTasks'!B:B,A12,'Error-OtherTasks'!C:C,"Inventory")+SUMIFS('Error-OtherTasks'!D:D,'Error-OtherTasks'!B:B,A12,'Error-OtherTasks'!C:C,"Other-Task*") -> 0 | V12: =MAX(0,IF(R12="",20,R12)-N(T12)-N(U12)) -> 13.143499 | W12: =IF(G12=0,"",Params!$B$1+Params!$B$2*(J12*$D$3-VLOOKUP(B12,Params!$D$2:$E$6,2,0))) -> 46.415359 | X12: =IF(H12=0,"",Params!$B$1+Params!$B$2*(K12*$D$3-VLOOKUP(B12,Params!$D$9:$E$13,2,0))) -> 72.5338 | Y12: =IF(C12="Inventory",IF(D12="Excellent",Params!$B$13,IF(D12="Good",Params!$B$12,Params!$B$11)),0) -> 0 | Z12: =IF(G12+H12+IF(C12="Inventory",N(E12),0)=0,Params!$B$1,IF(I12<Params!$B$21,MIN(Params!$B$22,(IF(G12=0,0,W12*G12)+IF(H12=0,0,X12*H12)+IF(C12="Inventory",Y12*N(E12),0))/(G12+H12+IF(C12="Inventory",N(E12),0))),(IF(G12=0,0,W12*G12)+IF(H12=0,0,X12*H12)+IF(C12="Inventory",Y12*N(E12),0))/(G12+H12+IF(C12="Inventory",N(E12),0)))) -> 46.535195 | AA12: =SUMIFS('Error-OtherTasks'!D:D,'Error-OtherTasks'!B:B,A12,'Error-OtherTasks'!C:C,"Housekeeping*")+SUMIFS('Error-OtherTasks'!D:D,'Error-OtherTasks'!B:B,A12,'Error-OtherTasks'!C:C,"Not Following SOP*") -> 1 | AB12: =MAX(0,Params!$B$5-AA12) -> 9 | AC12: =SUMIFS(Bonus!D:D,Bonus!B:B,A12) -> 0 | AD12: =IF(L12<Params!$B$6,"Record",IF(Z12="","",IF(AND(OR(B12="P1-1",B12="P1-2"),MIN(100,Z12+V12+AB12+AC12)>=90,NOT(AND(Q12<>"",Q12<=IF(B12="P1-1",Params!$B$14,Params!$B$23)))),89.9,MIN(100,Z12+V12+AB12+AC12)))) -> 68.678694 | AE12: =IF(ISNUMBER(AD12),IF(AD12>=90,"≥90",IF(AD12>=80,"80-90","<80")),"—") -> <80
A13: Franklin | B13: P1-3 | C13: Regular | F13: =AF13*60 -> 0 | G13: ='Picking - Franklin'!B5 -> 1982 | H13: ='Putaway - Franklin'!B5 -> 5269 | I13: =(G13+H13+IF(C13="Inventory",N(E13),0))/60 -> 120.85 | J13: ='Picking - Franklin'!C5 -> 103.77993 | K13: ='Putaway - Franklin'!C5 -> 41.65 | L13: ='Picking - Franklin'!F5+'Putaway - Franklin'!F5 -> 23 | M13: ='Picking - Franklin'!D5 -> 3277 | N13: ='Picking - Franklin'!E5 -> 8 | O13: ='Putaway - Franklin'!E5 -> 892 | P13: ='Putaway - Franklin'!D5 -> 0 | Q13: =IF(M13=0,"",N13/M13) -> 0.0024412572 | R13: =IF(Q13="","",MAX(0,20-MAX(0,(Q13-Params!$B$3)/IF(B13="P1-1",Params!$B$24,Params!$B$4)))) -> 18.117486 | S13: =IF(O13=0,"",P13/O13) -> 0 | T13: =IF(N(O13)=0,N(P13),MAX(0,N(P13)-ROUNDDOWN(O13/Params!$B$25,0))) -> 0 | U13: =SUMIFS('Error-OtherTasks'!D:D,'Error-OtherTasks'!B:B,A13,'Error-OtherTasks'!C:C,"Sub Order*")+SUMIFS('Error-OtherTasks'!D:D,'Error-OtherTasks'!B:B,A13,'Error-OtherTasks'!C:C,"Trailer Push*")+SUMIFS('Error-OtherTasks'!D:D,'Error-OtherTasks'!B:B,A13,'Error-OtherTasks'!C:C,"Moving")+SUMIFS('Error-OtherTasks'!D:D,'Error-OtherTasks'!B:B,A13,'Error-OtherTasks'!C:C,"Inventory")+SUMIFS('Error-OtherTasks'!D:D,'Error-OtherTasks'!B:B,A13,'Error-OtherTasks'!C:C,"Other-Task*") -> 0 | V13: =MAX(0,IF(R13="",20,R13)-N(T13)-N(U13)) -> 18.117486 | W13: =IF(G13=0,"",Params!$B$1+Params!$B$2*(J13*$D$3-VLOOKUP(B13,Params!$D$2:$E$6,2,0))) -> 52.002018 | X13: =IF(H13=0,"",Params!$B$1+Params!$B$2*(K13*$D$3-VLOOKUP(B13,Params!$D$9:$E$13,2,0))) -> 57.4447 | Y13: =IF(C13="Inventory",IF(D13="Excellent",Params!$B$13,IF(D13="Good",Params!$B$12,Params!$B$11)),0) -> 0 | Z13: =IF(G13+H13+IF(C13="Inventory",N(E13),0)=0,Params!$B$1,IF(I13<Params!$B$21,MIN(Params!$B$22,(IF(G13=0,0,W13*G13)+IF(H13=0,0,X13*H13)+IF(C13="Inventory",Y13*N(E13),0))/(G13+H13+IF(C13="Inventory",N(E13),0))),(IF(G13=0,0,W13*G13)+IF(H13=0,0,X13*H13)+IF(C13="Inventory",Y13*N(E13),0))/(G13+H13+IF(C13="Inventory",N(E13),0)))) -> 55.956988 | AA13: =SUMIFS('Error-OtherTasks'!D:D,'Error-OtherTasks'!B:B,A13,'Error-OtherTasks'!C:C,"Housekeeping*")+SUMIFS('Error-OtherTasks'!D:D,'Error-OtherTasks'!B:B,A13,'Error-OtherTasks'!C:C,"Not Following SOP*") -> 2 | AB13: =MAX(0,Params!$B$5-AA13) -> 8 | AC13: =SUMIFS(Bonus!D:D,Bonus!B:B,A13) -> 0 | AD13: =IF(L13<Params!$B$6,"Record",IF(Z13="","",IF(AND(OR(B13="P1-1",B13="P1-2"),MIN(100,Z13+V13+AB13+AC13)>=90,NOT(AND(Q13<>"",Q13<=IF(B13="P1-1",Params!$B$14,Params!$B$23)))),89.9,MIN(100,Z13+V13+AB13+AC13)))) -> 82.074474 | AE13: =IF(ISNUMBER(AD13),IF(AD13>=90,"≥90",IF(AD13>=80,"80-90","<80")),"—") -> 80-90
A14: Juan | B14: P1-3 | C14: Regular | F14: =AF14*60 -> 0 | G14: ='Picking - Juan'!B5 -> 4328 | H14: ='Putaway - Juan'!B5 -> 2865 | I14: =(G14+H14+IF(C14="Inventory",N(E14),0))/60 -> 119.88333 | J14: ='Picking - Juan'!C5 -> 163.32384 | K14: ='Putaway - Juan'!C5 -> 38.62 | L14: ='Picking - Juan'!F5+'Putaway - Juan'!F5 -> 25 | M14: ='Picking - Juan'!D5 -> 7800 | N14: ='Picking - Juan'!E5 -> 27 | O14: ='Putaway - Juan'!E5 -> 401 | P14: ='Putaway - Juan'!D5 -> 1 | Q14: =IF(M14=0,"",N14/M14) -> 0.0034615385 | R14: =IF(Q14="","",MAX(0,20-MAX(0,(Q14-Params!$B$3)/IF(B14="P1-1",Params!$B$24,Params!$B$4)))) -> 16.076923 | S14: =IF(O14=0,"",P14/O14) -> 0.0024937656 | T14: =IF(N(O14)=0,N(P14),MAX(0,N(P14)-ROUNDDOWN(O14/Params!$B$25,0))) -> 0 | U14: =SUMIFS('Error-OtherTasks'!D:D,'Error-OtherTasks'!B:B,A14,'Error-OtherTasks'!C:C,"Sub Order*")+SUMIFS('Error-OtherTasks'!D:D,'Error-OtherTasks'!B:B,A14,'Error-OtherTasks'!C:C,"Trailer Push*")+SUMIFS('Error-OtherTasks'!D:D,'Error-OtherTasks'!B:B,A14,'Error-OtherTasks'!C:C,"Moving")+SUMIFS('Error-OtherTasks'!D:D,'Error-OtherTasks'!B:B,A14,'Error-OtherTasks'!C:C,"Inventory")+SUMIFS('Error-OtherTasks'!D:D,'Error-OtherTasks'!B:B,A14,'Error-OtherTasks'!C:C,"Other-Task*") -> 0 | V14: =MAX(0,IF(R14="",20,R14)-N(T14)-N(U14)) -> 16.076923 | W14: =IF(G14=0,"",Params!$B$1+Params!$B$2*(J14*$D$3-VLOOKUP(B14,Params!$D$2:$E$6,2,0))) -> 70.936981 | X14: =IF(H14=0,"",Params!$B$1+Params!$B$2*(K14*$D$3-VLOOKUP(B14,Params!$D$9:$E$13,2,0))) -> 56.48116 | Y14: =IF(C14="Inventory",IF(D14="Excellent",Params!$B$13,IF(D14="Good",Params!$B$12,Params!$B$11)),0) -> 0 | Z14: =IF(G14+H14+IF(C14="Inventory",N(E14),0)=0,Params!$B$1,IF(I14<Params!$B$21,MIN(Params!$B$22,(IF(G14=0,0,W14*G14)+IF(H14=0,0,X14*H14)+IF(C14="Inventory",Y14*N(E14),0))/(G14+H14+IF(C14="Inventory",N(E14),0))),(IF(G14=0,0,W14*G14)+IF(H14=0,0,X14*H14)+IF(C14="Inventory",Y14*N(E14),0))/(G14+H14+IF(C14="Inventory",N(E14),0)))) -> 65.179171 | AA14: =SUMIFS('Error-OtherTasks'!D:D,'Error-OtherTasks'!B:B,A14,'Error-OtherTasks'!C:C,"Housekeeping*")+SUMIFS('Error-OtherTasks'!D:D,'Error-OtherTasks'!B:B,A14,'Error-OtherTasks'!C:C,"Not Following SOP*") -> 0 | AB14: =MAX(0,Params!$B$5-AA14) -> 10 | AC14: =SUMIFS(Bonus!D:D,Bonus!B:B,A14) -> 1 | AD14: =IF(L14<Params!$B$6,"Record",IF(Z14="","",IF(AND(OR(B14="P1-1",B14="P1-2"),MIN(100,Z14+V14+AB14+AC14)>=90,NOT(AND(Q14<>"",Q14<=IF(B14="P1-1",Params!$B$14,Params!$B$23)))),89.9,MIN(100,Z14+V14+AB14+AC14)))) -> 92.256094 | AE14: =IF(ISNUMBER(AD14),IF(AD14>=90,"≥90",IF(AD14>=80,"80-90","<80")),"—") -> ≥90
A15: Juan Chach Gomez | B15: P1-3 | C15: Regular | F15: =AF15*60 -> 0 | G15: ='Picking - Juan Chach Gomez'!B5 -> 4486 | H15: ='Putaway - Juan Chach Gomez'!B5 -> 3812 | I15: =(G15+H15+IF(C15="Inventory",N(E15),0))/60 -> 138.3 | J15: ='Picking - Juan Chach Gomez'!C5 -> 135.6541 | K15: ='Putaway - Juan Chach Gomez'!C5 -> 45.59 | L15: ='Picking - Juan Chach Gomez'!F5+'Putaway - Juan Chach Gomez'!F5 -> 24 | M15: ='Picking - Juan Chach Gomez'!D5 -> 8480 | N15: ='Picking - Juan Chach Gomez'!E5 -> 30 | O15: ='Putaway - Juan Chach Gomez'!E5 -> 698 | P15: ='Putaway - Juan Chach Gomez'!D5 -> 0 | Q15: =IF(M15=0,"",N15/M15) -> 0.0035377358 | R15: =IF(Q15="","",MAX(0,20-MAX(0,(Q15-Params!$B$3)/IF(B15="P1-1",Params!$B$24,Params!$B$4)))) -> 15.924528 | S15: =IF(O15=0,"",P15/O15) -> 0 | T15: =IF(N(O15)=0,N(P15),MAX(0,N(P15)-ROUNDDOWN(O15/Params!$B$25,0))) -> 0 | U15: =SUMIFS('Error-OtherTasks'!D:D,'Error-OtherTasks'!B:B,A15,'Error-OtherTasks'!C:C,"Sub Order*")+SUMIFS('Error-OtherTasks'!D:D,'Error-OtherTasks'!B:B,A15,'Error-OtherTasks'!C:C,"Trailer Push*")+SUMIFS('Error-OtherTasks'!D:D,'Error-OtherTasks'!B:B,A15,'Error-OtherTasks'!C:C,"Moving")+SUMIFS('Error-OtherTasks'!D:D,'Error-OtherTasks'!B:B,A15,'Error-OtherTasks'!C:C,"Inventory")+SUMIFS('Error-OtherTasks'!D:D,'Error-OtherTasks'!B:B,A15,'Error-OtherTasks'!C:C,"Other-Task*") -> 0 | V15: =MAX(0,IF(R15="",20,R15)-N(T15)-N(U15)) -> 15.924528 | W15: =IF(G15=0,"",Params!$B$1+Params!$B$2*(J15*$D$3-VLOOKUP(B15,Params!$D$2:$E$6,2,0))) -> 62.138003 | X15: =IF(H15=0,"",Params!$B$1+Params!$B$2*(K15*$D$3-VLOOKUP(B15,Params!$D$9:$E$13,2,0))) -> 58.69762 | Y15: =IF(C15="Inventory",IF(D15="Excellent",Params!$B$13,IF(D15="Good",Params!$B$12,Params!$B$11)),0) -> 0 | Z15: =IF(G15+H15+IF(C15="Inventory",N(E15),0)=0,Params!$B$1,IF(I15<Params!$B$21,MIN(Params!$B$22,(IF(G15=0,0,W15*G15)+IF(H15=0,0,X15*H15)+IF(C15="Inventory",Y15*N(E15),0))/(G15+H15+IF(C15="Inventory",N(E15),0))),(IF(G15=0,0,W15*G15)+IF(H15=0,0,X15*H15)+IF(C15="Inventory",Y15*N(E15),0))/(G15+H15+IF(C15="Inventory",N(E15),0)))) -> 60.557533 | AA15: =SUMIFS('Error-OtherTasks'!D:D,'Error-OtherTasks'!B:B,A15,'Error-OtherTasks'!C:C,"Housekeeping*")+SUMIFS('Error-OtherTasks'!D:D,'Error-OtherTasks'!B:B,A15,'Error-OtherTasks'!C:C,"Not Following SOP*") -> 0 | AB15: =MAX(0,Params!$B$5-AA15) -> 10 | AC15: =SUMIFS(Bonus!D:D,Bonus!B:B,A15) -> 0 | AD15: =IF(L15<Params!$B$6,"Record",IF(Z15="","",IF(AND(OR(B15="P1-1",B15="P1-2"),MIN(100,Z15+V15+AB15+AC15)>=90,NOT(AND(Q15<>"",Q15<=IF(B15="P1-1",Params!$B$14,Params!$B$23)))),89.9,MIN(100,Z15+V15+AB15+AC15)))) -> 86.482062 | AE15: =IF(ISNUMBER(AD15),IF(AD15>=90,"≥90",IF(AD15>=80,"80-90","<80")),"—") -> 80-90
A16: Luis | B16: P1-3 | C16: Regular | F16: =AF16*60 -> 0 | G16: ='Picking - Luis'!B5 -> 4898 | H16: ='Putaway - Luis'!B5 -> 917 | I16: =(G16+H16+IF(C16="Inventory",N(E16),0))/60 -> 96.916667 | J16: ='Picking - Luis'!C5 -> 118.27054 | K16: ='Putaway - Luis'!C5 -> 38.76 | L16: ='Picking - Luis'!F5+'Putaway - Luis'!F5 -> 23 | M16: ='Picking - Luis'!D5 -> 6104 | N16: ='Picking - Luis'!E5 -> 23 | O16: ='Putaway - Luis'!E5 -> 74 | P16: ='Putaway - Luis'!D5 -> 0 | Q16: =IF(M16=0,"",N16/M16) -> 0.003768021 | R16: =IF(Q16="","",MAX(0,20-MAX(0,(Q16-Params!$B$3)/IF(B16="P1-1",Params!$B$24,Params!$B$4)))) -> 15.463958 | S16: =IF(O16=0,"",P16/O16) -> 0 | T16: =IF(N(O16)=0,N(P16),MAX(0,N(P16)-ROUNDDOWN(O16/Params!$B$25,0))) -> 0 | U16: =SUMIFS('Error-OtherTasks'!D:D,'Error-OtherTasks'!B:B,A16,'Error-OtherTasks'!C:C,"Sub Order*")+SUMIFS('Error-OtherTasks'!D:D,'Error-OtherTasks'!B:B,A16,'Error-OtherTasks'!C:C,"Trailer Push*")+SUMIFS('Error-OtherTasks'!D:D,'Error-OtherTasks'!B:B,A16,'Error-OtherTasks'!C:C,"Moving")+SUMIFS('Error-OtherTasks'!D:D,'Error-OtherTasks'!B:B,A16,'Error-OtherTasks'!C:C,"Inventory")+SUMIFS('Error-OtherTasks'!D:D,'Error-OtherTasks'!B:B,A16,'Error-OtherTasks'!C:C,"Other-Task*") -> 0 | V16: =MAX(0,IF(R16="",20,R16)-N(T16)-N(U16)) -> 15.463958 | W16: =IF(G16=0,"",Params!$B$1+Params!$B$2*(J16*$D$3-VLOOKUP(B16,Params!$D$2:$E$6,2,0))) -> 56.610033 | X16: =IF(H16=0,"",Params!$B$1+Params!$B$2*(K16*$D$3-VLOOKUP(B16,Params!$D$9:$E$13,2,0))) -> 56.52568 | Y16: =IF(C16="Inventory",IF(D16="Excellent",Params!$B$13,IF(D16="Good",Params!$B$12,Params!$B$11)),0) -> 0 | Z16: =IF(G16+H16+IF(C16="Inventory",N(E16),0)=0,Params!$B$1,IF(I16<Params!$B$21,MIN(Params!$B$22,(IF(G16=0,0,W16*G16)+IF(H16=0,0,X16*H16)+IF(C16="Inventory",Y16*N(E16),0))/(G16+H16+IF(C16="Inventory",N(E16),0))),(IF(G16=0,0,W16*G16)+IF(H16=0,0,X16*H16)+IF(C16="Inventory",Y16*N(E16),0))/(G16+H16+IF(C16="Inventory",N(E16),0)))) -> 56.596731 | AA16: =SUMIFS('Error-OtherTasks'!D:D,'Error-OtherTasks'!B:B,A16,'Error-OtherTasks'!C:C,"Housekeeping*")+SUMIFS('Error-OtherTasks'!D:D,'Error-OtherTasks'!B:B,A16,'Error-OtherTasks'!C:C,"Not Following SOP*") -> 3 | AB16: =MAX(0,Params!$B$5-AA16) -> 7 | AC16: =SUMIFS(Bonus!D:D,Bonus!B:B,A16) -> 0 | AD16: =IF(L16<Params!$B$6,"Record",IF(Z16="","",IF(AND(OR(B16="P1-1",B16="P1-2"),MIN(100,Z16+V16+AB16+AC16)>=90,NOT(AND(Q16<>"",Q16<=IF(B16="P1-1",Params!$B$14,Params!$B$23)))),89.9,MIN(100,Z16+V16+AB16+AC16)))) -> 79.060689 | AE16: =IF(ISNUMBER(AD16),IF(AD16>=90,"≥90",IF(AD16>=80,"80-90","<80")),"—") -> <80
